TimeOfProc,UTC,File,CRC,DataSize,MissionID,STEUMod,InternalTime,centroid_numStars,liebe_succeed,liebe_sraTime,liebe_possibleMatch,liebeAD_succeed,liebeAD_vfyTime,liebeAD_numStarsSRA,liebeAD_ID1,liebeAD_ID2,liebeAD_ID3,liebeAD_Qeci2stsCoarse_w,liebeAD_Qeci2stsCoarse_i,liebeAD_Qeci2stsCoarse_j,liebeAD_Qeci2stsCoarse_k,liebeAD_numStarsVfyAD,liebeAD_qualityliebeAD_Qeci2sts_w,liebeAD_Qeci2sts_i,liebeAD_Qeci2sts_j,liebeAD_Qeci2sts_k,liebeProc_boreRA,liebeProc_boreDEC,liebeProc_Qeci2sat_w,liebeProc_Qeci2sat_i,liebeProc_Qeci2sat_j,liebeProc_Qeci2sat_k,centThresh_maxInt,centThresh_areaLargerThan,liebe_cat,liebeTol_minStar,liebeTol_angDist,liebeTol_coneDist,vfyTol_minDist,vfyTol_minStar,vfyTol_minQuality,pred_jday,pred_canSTS,pred_isSSA,pred_ELA,pred_x_ECI,pred_y_ECI,pred_z_ECI,pred_vx_ECI,pred_vy_ECI,pred_vz_ECI,pred_lat,pred_long,pred_alt,pred_Qeci2sts_w,pred_Qeci2sts_i,pred_Qeci2sts_j,pred_Qeci2sts_k,pred_boreRA,pred_boreDEC,pred_Qeci2sat_w,pred_Qeci2sat_i,pred_Qeci2sat_j,pred_Qeci2sat_k,adVcoarse,coarseVpred,adVpred,
2016-04-27 18:29:17,05-Mar-2016 23:11:30,56DB67A2,1,568,2016030523,1,29,9,1,0.01696,11,0,0.02026,,,,,,,,,,,,,,,,,,,,,204,3,pattern_catalogue_doublestarM6_3_MUC4_5_PUC0_1,3,0.1,1.3,12,5,0.65,2457453.4663,1,0,53.122,166144.1942,-6698415.83,-1719475.6424,7575.7404,61.3432,530.4244,-14.4734,119.6512,540775.4366,0.13455,0.22562,-0.34617,0.90065,294.5978,41.1881,-0.38013,-0.48187,0.46723,0.6364,
2016-04-27 18:29:17,05-Mar-2016 23:11:40,56DB67AC,1,556,2016030523,1,39,10,1,0.016931,12,0,0.022538,,,,,,,,,,,,,,,,,,,,,204,3,pattern_catalogue_doublestarM6_3_MUC4_5_PUC0_1,3,0.1,1.3,12,5,0.65,2457453.4664,1,0,53.3764,241890.4586,-6697398.7254,-1714067.5361,7573.2813,142.0746,551.1742,-14.426,120.2569,540673.9508,0.13455,0.22562,-0.34617,0.90065,294.5978,41.188,-0.38013,-0.48187,0.46723,0.6364,
2016-04-27 18:29:17,05-Mar-2016 23:11:50,56DB67B6,1,520,2016030523,1,49,9,1,0.016727,12,0,0.022238,,,,,,,,,,,,,,,,,,,,,204,3,pattern_catalogue_doublestarM6_3_MUC4_5_PUC0_1,3,0.1,1.3,12,5,0.65,2457453.4666,1,0,53.6274,317607.5657,-6695574.3627,-1708452.2566,7569.9092,222.7924,571.8583,-14.377,120.8624,540572.053,0.13455,0.22562,-0.34617,0.90065,294.5978,41.188,-0.38013,-0.48187,0.46723,0.6364,
2016-04-27 18:29:18,05-Mar-2016 23:12:00,56DB67C0,1,520,2016030523,1,59,7,1,0.017285,15,1,0.022586,3,5712,5692,5736,0.13591,0.22084,-0.34948,0.90035,7,1,0.13563,0.2209,-0.34983,0.90024,293.7033,41.1201,-0.37467,-0.48393,0.46889,0.63685,204,3,pattern_catalogue_doublestarM6_3_MUC4_5_PUC0_1,3,0.1,1.3,12,5,0.65,2457453.4667,1,0,53.875,393286.6921,-6692942.9147,-1702630.4499,7565.6245,303.4871,592.4742,-14.3261,121.4676,540469.7579,0.13455,0.22562,-0.34617,0.90065,294.5978,41.1879,-0.38013,-0.48187,0.46723,0.6364,0.054041,0.68476,0.69655,
2016-04-27 18:29:18,05-Mar-2016 23:12:10,56DB67CA,1,508,2016030523,1,69,9,1,0.016791,4,1,0.0068151,3,5731,5712,5692,0.13513,0.22058,-0.34999,0.90033,8,0.88889,0.13541,0.22076,-0.35012,0.90019,293.678,41.0989,-0.37446,-0.48423,0.46875,0.63685,204,3,pattern_catalogue_doublestarM6_3_MUC4_5_PUC0_1,3,0.1,1.3,12,5,0.65,2457453.4668,1,0,54.1191,468918.1044,-6689504.685,-1696602.8577,7560.4276,384.1483,613.0192,-14.2735,122.0726,540367.0814,0.13455,0.22562,-0.34617,0.90065,294.5978,41.1878,-0.38013,-0.48187,0.46723,0.6364,0.043981,0.72866,0.72604,
2016-04-27 18:29:18,05-Mar-2016 23:12:20,56DB67D4,1,516,2016030523,1,79,8,1,0.016886,13,0,0.020684,,,,,,,,,,,,,,,,,,,,,204,3,pattern_catalogue_doublestarM6_3_MUC4_5_PUC0_1,3,0.1,1.3,12,5,0.65,2457453.4669,1,0,54.3596,544492.9878,-6685260.0439,-1690370.1766,7554.3191,464.7668,633.4911,-14.2192,122.6772,540264.0382,0.13455,0.22562,-0.34617,0.90065,294.5978,41.1877,-0.38013,-0.48187,0.46723,0.6364,
2016-04-27 18:29:18,05-Mar-2016 23:12:30,56DB67DE,1,500,2016030523,1,89,7,1,0.017385,30,1,0.042437,3,5731,5692,5736,0.13437,0.22022,-0.3503,0.90041,7,1,0.13502,0.22054,-0.35042,0.90019,293.655,41.0818,-0.37426,-0.48468,0.46858,0.63675,204,3,pattern_catalogue_doublestarM6_3_MUC4_5_PUC0_1,3,0.1,1.3,12,5,0.65,2457453.467,1,0,54.5966,620002.5327,-6680209.4461,-1683933.1249,7547.2995,545.3331,653.8874,-14.1631,123.2816,540160.6433,0.13454,0.22562,-0.34617,0.90065,294.5978,41.1877,-0.38012,-0.48188,0.46722,0.6364,0.088335,0.77912,0.7618,
2016-04-27 18:29:19,05-Mar-2016 23:12:40,56DB67E8,1,512,2016030523,1,99,9,1,0.017031,4,1,0.0067502,3,5731,5712,5692,0.13465,0.22012,-0.35032,0.90039,8,0.88889,0.13496,0.22032,-0.35043,0.90025,293.6313,41.0954,-0.37415,-0.48481,0.46869,0.63663,204,3,pattern_catalogue_doublestarM6_3_MUC4_5_PUC0_1,3,0.1,1.3,12,5,0.65,2457453.4671,1,0,54.8298,695437.0253,-6674353.5059,-1677292.5238,7539.3698,625.8369,674.2054,-14.1052,123.8856,540056.9129,0.13454,0.22562,-0.34617,0.90064,294.5978,41.1876,-0.38012,-0.48188,0.46722,0.6364,0.047169,0.78918,0.78201,
2016-04-27 18:29:19,05-Mar-2016 23:12:50,56DB67F2,1,488,2016030523,1,109,6,1,0.016889,12,1,0.019387,3,5692,5715,5736,0.13555,0.22031,-0.34996,0.90034,6,1,0.13468,0.22026,-0.35052,0.90027,293.6361,41.0906,-0.37415,-0.48507,0.46857,0.63652,204,3,pattern_catalogue_doublestarM6_3_MUC4_5_PUC0_1,3,0.1,1.3,12,5,0.65,2457453.4672,1,0,55.0593,770787.6716,-6667692.8754,-1670449.1417,7530.5307,706.2687,694.4428,-14.0457,124.4893,539952.8623,0.13454,0.22562,-0.34617,0.90064,294.5977,41.1875,-0.38012,-0.48188,0.46722,0.6364,0.11843,0.75667,0.79166,
2016-04-27 18:29:19,05-Mar-2016 23:13:00,56DB67FC,1,488,2016030523,1,119,8,1,0.017054,4,1,0.0067795,3,5731,5712,5692,0.13327,0.21978,-0.35047,0.90061,8,1,0.13426,0.2203,-0.35047,0.90034,293.6717,41.0922,-0.37434,-0.48535,0.46839,0.63632,204,3,pattern_catalogue_doublestarM6_3_MUC4_5_PUC0_1,3,0.1,1.3,12,5,0.65,2457453.4674,1,0,55.2851,846045.6853,-6660228.2907,-1663403.7684,7520.7832,786.6193,714.5972,-13.9844,125.0928,539848.5068,0.13454,0.22561,-0.34617,0.90064,294.5977,41.1874,-0.38012,-0.48188,0.46722,0.6364,0.13157,0.84314,0.7845,
2016-04-27 18:29:19,05-Mar-2016 23:13:10,56DB6806,1,500,2016030523,1,129,7,1,0.01724,11,1,0.0026436,3,75,97,26,0.89498,-0.11788,0.23105,-0.36296,5,0.71429,0.89538,-0.11778,0.23065,-0.36224,5.0237,59.9809,0.36313,0.86035,0.33147,0.13443,204,3,pattern_catalogue_doublestarM6_3_MUC4_5_PUC0_1,3,0.1,1.3,12,5,0.65,2457453.4675,1,0,55.5071,921201.3827,-6651960.6764,-1656157.3036,7510.1284,866.8782,734.666,-13.9214,125.6959,539743.863,0.13454,0.22561,-0.34617,0.90064,294.5977,41.1873,-0.38012,-0.48188,0.46722,0.6364,0.10532,-143.5124,-143.6161,
2016-04-27 18:29:19,05-Mar-2016 23:13:20,56DB6810,1,472,2016030523,1,139,7,1,0.016801,13,0,0.020178,,,,,,,,,,,,,,,,,,,,,204,3,pattern_catalogue_doublestarM6_3_MUC4_5_PUC0_1,3,0.1,1.3,12,5,0.65,2457453.4676,1,0,55.7251,996246.3015,-6642890.9276,-1648710.5564,7498.5676,947.0364,754.6469,-13.8567,126.2986,539638.946,0.13454,0.22561,-0.34618,0.90064,294.5977,41.1872,-0.38012,-0.48188,0.46722,0.6364,
2016-04-27 18:29:20,05-Mar-2016 23:13:30,56DB681A,1,496,2016030523,1,149,9,1,0.016742,11,0,0.020067,,,,,,,,,,,,,,,,,,,,,204,3,pattern_catalogue_doublestarM6_3_MUC4_5_PUC0_1,3,0.1,1.3,12,5,0.65,2457453.4677,1,0,55.9393,1071170.7838,-6633020.1754,-1641064.4784,7486.102,1027.0837,774.5374,-13.7904,126.901,539533.7727,0.13454,0.22561,-0.34618,0.90064,294.5976,41.1871,-0.38012,-0.48188,0.46722,0.6364,
2016-04-27 18:29:20,05-Mar-2016 23:13:40,56DB6824,1,484,2016030523,1,159,7,1,0.017301,14,1,0.02101,3,5712,5692,5736,0.13308,0.21974,-0.35005,0.90082,7,1,0.13327,0.21996,-0.3503,0.90064,293.7091,41.1335,-0.3746,-0.48616,0.4683,0.63563,204,3,pattern_catalogue_doublestarM6_3_MUC4_5_PUC0_1,3,0.1,1.3,12,5,0.65,2457453.4678,1,0,56.1494,1145966.091,-6622349.5398,-1633219.9557,7472.7331,1107.0107,794.3351,-13.7223,127.5031,539428.359,0.13454,0.22561,-0.34618,0.90064,294.5976,41.187,-0.38012,-0.48188,0.46722,0.6364,0.048231,0.82326,0.81443,
2016-04-27 18:29:20,05-Mar-2016 23:13:50,56DB682E,1,476,2016030523,1,169,7,1,0.017429,33,1,0.044712,3,5731,5692,5736,0.13275,0.21969,-0.3502,0.90082,7,1,0.13323,0.21996,-0.35035,0.90062,293.7067,41.1277,-0.37457,-0.4862,0.46826,0.63564,204,3,pattern_catalogue_doublestarM6_3_MUC4_5_PUC0_1,3,0.1,1.3,12,5,0.65,2457453.4679,1,0,56.3556,1220623.4975,-6610880.2245,-1625177.8956,7458.4624,1186.808,814.0377,-13.6526,128.1048,539322.7206,0.13454,0.22561,-0.34618,0.90064,294.5976,41.1869,-0.38012,-0.48189,0.46722,0.6364,0.070378,0.84591,0.81898,
2016-04-27 18:29:20,05-Mar-2016 23:14:00,56DB6838,1,440,2016030523,1,179,5,1,0.016769,9,1,0.01527,3,5692,5715,5736,0.1347,0.22008,-0.3498,0.90059,5,1,0.13321,0.21974,-0.35045,0.90064,293.6746,41.1325,-0.37439,-0.48633,0.46835,0.63559,204,3,pattern_catalogue_doublestarM6_3_MUC4_5_PUC0_1,3,0.1,1.3,12,5,0.65,2457453.4681,1,0,56.5576,1295133.3927,-6598613.6694,-1616939.3266,7443.2915,1266.4654,833.6426,-13.5812,128.7062,539216.8747,0.13453,0.22561,-0.34618,0.90064,294.5975,41.1868,-0.38012,-0.48189,0.46722,0.6364,0.19043,0.7575,0.84617,
2016-04-27 18:29:21,05-Mar-2016 23:14:10,56DB6842,1,472,2016030523,1,189,7,1,0.01749,32,1,0.04295,3,5731,5692,5736,0.13226,0.21947,-0.35043,0.90085,7,1,0.133,0.21982,-0.35053,0.90062,293.6914,41.1178,-0.37444,-0.48648,0.46816,0.63557,204,3,pattern_catalogue_doublestarM6_3_MUC4_5_PUC0_1,3,0.1,1.3,12,5,0.65,2457453.4682,1,0,56.7555,1369487.0841,-6585551.2739,-1608505.2044,7427.2223,1345.9737,853.1476,-13.5081,129.3071,539110.8374,0.13453,0.22561,-0.34618,0.90064,294.5975,41.1867,-0.38012,-0.48189,0.46722,0.6364,0.098062,0.89559,0.84899,
2016-04-27 18:29:21,05-Mar-2016 23:14:20,56DB684C,1,428,2016030523,1,199,6,1,0.016874,11,1,0.017133,3,5692,5715,5736,0.13419,0.22001,-0.35007,0.90058,6,1,0.13278,0.21977,-0.35072,0.90059,293.6855,41.1009,-0.37436,-0.48671,0.468,0.63556,204,3,pattern_catalogue_doublestarM6_3_MUC4_5_PUC0_1,3,0.1,1.3,12,5,0.65,2457453.4683,1,0,56.9493,1443675.895,-6571694.5207,-1599876.5053,7410.2564,1425.3234,872.5503,-13.4334,129.9077,539004.6249,0.13453,0.22561,-0.34618,0.90064,294.5975,41.1866,-0.38012,-0.48189,0.46721,0.6364,0.18001,0.78226,0.87097,
2016-04-27 18:29:21,05-Mar-2016 23:14:30,56DB6856,1,504,2016030523,1,209,10,1,0.016619,12,0,0.021961,,,,,,,,,,,,,,,,,,,,,204,3,pattern_catalogue_doublestarM6_3_MUC4_5_PUC0_1,3,0.1,1.3,12,5,0.65,2457453.4684,1,0,57.1387,1517690.2726,-6557045.1573,-1591054.3339,7392.396,1504.5044,891.8483,-13.3571,130.508,538898.2547,0.13453,0.22561,-0.34618,0.90064,294.5974,41.1865,-0.38012,-0.48189,0.46721,0.6364,
2016-04-27 18:29:21,05-Mar-2016 23:14:40,56DB6860,1,492,2016030523,1,219,8,1,0.016764,3,1,0.0051121,3,5731,5712,5692,0.13143,0.21929,-0.35084,0.90086,7,0.875,0.13264,0.21982,-0.35078,0.90058,293.6956,41.0915,-0.37439,-0.48682,0.46788,0.63555,204,3,pattern_catalogue_doublestarM6_3_MUC4_5_PUC0_1,3,0.1,1.3,12,5,0.65,2457453.4685,1,0,57.3239,1591521.5799,-6541604.861,-1582039.7142,7373.643,1583.5075,911.0393,-13.2792,131.1078,538791.743,0.13453,0.22561,-0.34618,0.90064,294.5974,41.1864,-0.38012,-0.48189,0.46721,0.6364,0.15469,0.96732,0.87462,
2016-04-27 18:29:21,05-Mar-2016 23:14:50,56DB686A,1,504,2016030523,1,229,8,1,0.01701,4,1,0.0067502,3,5731,5712,5692,0.13185,0.21942,-0.35076,0.9008,7,0.875,0.13263,0.2198,-0.3508,0.90058,293.6915,41.0908,-0.37436,-0.48684,0.46789,0.63555,204,3,pattern_catalogue_doublestarM6_3_MUC4_5_PUC0_1,3,0.1,1.3,12,5,0.65,2457453.4686,1,0,57.5048,1665161.1987,-6525375.3923,-1572833.6907,7353.9997,1662.3235,930.121,-13.1996,131.7072,538685.1062,0.13453,0.22561,-0.34619,0.90064,294.5973,41.1862,-0.38012,-0.48189,0.46721,0.6364,0.10257,0.93436,0.87855,
2016-04-27 18:29:22,05-Mar-2016 23:15:00,56DB6874,1,488,2016030523,1,239,6,1,0.01678,13,1,0.020684,3,5692,5715,5736,0.13346,0.2199,-0.35051,0.90054,6,1,0.13234,0.21977,-0.3511,0.90051,293.6835,41.0609,-0.37423,-0.48715,0.46763,0.63557,204,3,pattern_catalogue_doublestarM6_3_MUC4_5_PUC0_1,3,0.1,1.3,12,5,0.65,2457453.4688,1,0,57.6813,1738599.6442,-6508358.8043,-1563437.4426,7333.4684,1740.9421,949.0909,-13.1184,132.3063,538578.3621,0.13453,0.22561,-0.34619,0.90064,294.5973,41.1861,-0.38012,-0.48189,0.46721,0.6364,0.14615,0.82954,0.91065,
2016-04-27 18:29:22,05-Mar-2016 23:15:10,56DB687E,1,488,2016030523,1,249,7,1,0.017649,32,1,0.044061,3,5731,5692,5736,0.1313,0.21939,-0.3511,0.90075,7,1,0.13228,0.21983,-0.35114,0.90049,293.6919,41.0524,-0.37426,-0.48718,0.46755,0.6356,204,3,pattern_catalogue_doublestarM6_3_MUC4_5_PUC0_1,3,0.1,1.3,12,5,0.65,2457453.4689,1,0,57.8533,1811828.3446,-6490557.0508,-1553852.0616,7312.0515,1819.3542,967.9469,-13.0357,132.9049,538471.5273,0.13453,0.22561,-0.34619,0.90064,294.5972,41.186,-0.38012,-0.4819,0.46721,0.6364,0.12725,0.98065,0.90934,
2016-04-27 18:29:22,05-Mar-2016 23:15:20,56DB6888,1,476,2016030523,1,259,7,1,0.016999,3,1,0.0053052,3,5731,5712,5692,0.13096,0.21949,-0.35115,0.90076,7,1,0.13191,0.21983,-0.35107,0.90057,293.7208,41.0594,-0.37443,-0.48743,0.46743,0.63539,204,3,pattern_catalogue_doublestarM6_3_MUC4_5_PUC0_1,3,0.1,1.3,12,5,0.65,2457453.469,1,0,58.0208,1884838.749,-6471972.168,-1544078.659,7289.7513,1897.5506,986.6867,-12.9514,133.5031,538364.6183,0.13452,0.22561,-0.34619,0.90064,294.5972,41.1859,-0.38012,-0.4819,0.46721,0.6364,0.1184,0.99101,0.91721,
2016-04-27 18:29:22,05-Mar-2016 23:15:30,56DB6892,1,484,2016030523,1,269,8,1,0.016809,3,1,0.0057257,3,5731,5712,5692,0.13067,0.21938,-0.35118,0.90082,8,1,0.13201,0.21992,-0.35106,0.90053,293.7251,41.0546,-0.37445,-0.48733,0.46742,0.63547,204,3,pattern_catalogue_doublestarM6_3_MUC4_5_PUC0_1,3,0.1,1.3,12,5,0.65,2457453.4691,1,0,58.1839,1957621.4516,-6452606.5128,-1534118.4877,7266.5707,1975.5213,1005.3078,-12.8655,134.1009,538257.6532,0.13452,0.22561,-0.34619,0.90064,294.5971,41.1858,-0.38012,-0.4819,0.46721,0.6364,0.16888,1.0163,0.9058,
2016-04-27 18:29:22,05-Mar-2016 23:15:40,56DB689C,1,476,2016030523,1,279,6,1,0.016911,9,1,0.016302,3,5692,5715,5736,0.13428,0.22044,-0.35034,0.90035,6,1,0.13195,0.21993,-0.35119,0.90049,293.7203,41.0402,-0.37438,-0.4874,0.46732,0.63552,204,3,pattern_catalogue_doublestarM6_3_MUC4_5_PUC0_1,3,0.1,1.3,12,5,0.65,2457453.4692,1,0,58.3423,2030167.9546,-6432462.3133,-1523972.7054,7242.5122,2053.2571,1023.8082,-12.778,134.6983,538150.6485,0.13452,0.22561,-0.34619,0.90064,294.5971,41.1856,-0.38012,-0.4819,0.46721,0.6364,0.29096,0.7607,0.91597,
2016-04-27 18:29:23,05-Mar-2016 23:15:50,56DB68A6,1,484,2016030523,1,289,8,1,0.016774,3,1,0.0053077,3,5731,5712,5692,0.13093,0.21956,-0.35125,0.90071,7,0.875,0.13182,0.21998,-0.35127,0.90047,293.7286,41.0286,-0.3744,-0.4875,0.46719,0.63553,204,3,pattern_catalogue_doublestarM6_3_MUC4_5_PUC0_1,3,0.1,1.3,12,5,0.65,2457453.4693,1,0,58.4961,2102469.7843,-6411541.8798,-1513642.4896,7217.5787,2130.7489,1042.1856,-12.689,135.2953,538043.6213,0.13452,0.22561,-0.34619,0.90064,294.597,41.1855,-0.38011,-0.4819,0.46721,0.6364,0.11714,0.99357,0.92201,
2016-04-27 18:29:23,05-Mar-2016 23:16:00,56DB68B0,1,476,2016030523,1,299,8,1,0.016763,3,1,0.0053605,3,5731,5712,5692,0.13008,0.21942,-0.35142,0.9008,7,0.875,0.13176,0.22011,-0.35126,0.90045,293.7474,41.0212,-0.37449,-0.48749,0.46709,0.63555,204,3,pattern_catalogue_doublestarM6_3_MUC4_5_PUC0_1,3,0.1,1.3,12,5,0.65,2457453.4694,1,0,58.6452,2174517.6236,-6389847.87,-1503129.165,7191.7732,2207.9868,1060.4376,-12.5985,135.8918,537936.5895,0.13452,0.22561,-0.34619,0.90064,294.597,41.1854,-0.38011,-0.4819,0.4672,0.6364,0.2127,1.0587,0.91361,
2016-04-27 18:29:23,05-Mar-2016 23:16:10,56DB68BA,1,476,2016030523,1,309,8,1,0.016962,3,1,0.0053086,3,5731,5712,5692,0.13044,0.21971,-0.35131,0.90072,8,1,0.13137,0.22012,-0.35129,0.90049,293.7713,41.0177,-0.37461,-0.48779,0.46691,0.63539,204,3,pattern_catalogue_doublestarM6_3_MUC4_5_PUC0_1,3,0.1,1.3,12,5,0.65,2457453.4696,1,0,58.7897,2246303.0582,-6367382.7847,-1492433.9546,7165.0987,2284.9617,1078.5621,-12.5064,136.4879,537829.57,0.13452,0.22561,-0.3462,0.90064,294.5969,41.1852,-0.38011,-0.4819,0.4672,0.6364,0.11859,1.0095,0.93133,
2016-04-27 18:29:23,05-Mar-2016 23:16:20,56DB68C4,1,456,2016030523,1,319,7,1,0.017371,30,1,0.041565,3,5731,5692,5736,0.13108,0.21998,-0.35106,0.90066,7,1,0.13135,0.22019,-0.35127,0.90049,293.7822,41.0152,-0.37467,-0.48777,0.46687,0.6354,204,3,pattern_catalogue_doublestarM6_3_MUC4_5_PUC0_1,3,0.1,1.3,12,5,0.65,2457453.4697,1,0,58.9293,2317817.7009,-6344149.2053,-1481558.1004,7137.5582,2361.6646,1096.557,-12.4129,137.0836,537722.5799,0.13452,0.22561,-0.3462,0.90064,294.5968,41.1851,-0.38011,-0.4819,0.4672,0.6364,0.049274,0.93905,0.92523,
2016-04-27 18:29:24,05-Mar-2016 23:16:30,56DB68CE,1,456,2016030523,1,329,7,1,0.016616,11,1,0.017157,3,5692,5715,5736,0.13222,0.22021,-0.35082,0.90053,6,0.85714,0.13121,0.22009,-0.35138,0.90048,293.7712,41.0089,-0.37458,-0.48794,0.46681,0.63537,204,3,pattern_catalogue_doublestarM6_3_MUC4_5_PUC0_1,3,0.1,1.3,12,5,0.65,2457453.4698,1,0,59.0642,2389052.3333,-6320150.0882,-1470502.9979,7109.1552,2438.0856,1114.4199,-12.3178,137.6788,537615.6374,0.13452,0.22561,-0.3462,0.90064,294.5968,41.185,-0.38011,-0.48191,0.4672,0.6364,0.13257,0.85664,0.94665,
2016-04-27 18:29:24,05-Mar-2016 23:16:40,56DB68D8,1,472,2016030523,1,339,7,1,0.016823,12,0,0.018484,,,,,,,,,,,,,,,,,,,,,204,3,pattern_catalogue_doublestarM6_3_MUC4_5_PUC0_1,3,0.1,1.3,12,5,0.65,2457453.4699,1,0,59.1942,2459998.6342,-6295388.2038,-1459269.9339,7079.8929,2514.2157,1132.1488,-12.2213,138.2736,537508.7594,0.13452,0.22561,-0.3462,0.90064,294.5967,41.1848,-0.38011,-0.48191,0.4672,0.6364,
2016-04-27 18:29:24,05-Mar-2016 23:16:50,56DB68E2,1,472,2016030523,1,349,6,1,0.017165,13,0,0.020625,,,,,,,,,,,,,,,,,,,,,204,3,pattern_catalogue_doublestarM6_3_MUC4_5_PUC0_1,3,0.1,1.3,12,5,0.65,2457453.47,1,0,59.3193,2530648.3115,-6269866.4022,-1447860.2136,7049.7746,2590.0461,1149.7414,-12.1233,138.868,537401.9631,0.13451,0.22561,-0.3462,0.90064,294.5967,41.1847,-0.38011,-0.48191,0.4672,0.6364,
2016-04-27 18:29:24,05-Mar-2016 23:17:00,56DB68EC,1,464,2016030523,1,359,7,1,0.017533,30,0,0.044239,,,,,,,,,,,,,,,,,,,,,204,3,pattern_catalogue_doublestarM6_3_MUC4_5_PUC0_1,3,0.1,1.3,12,5,0.65,2457453.4701,1,0,59.4395,2600992.2561,-6243587.9356,-1436275.302,7018.8042,2665.567,1167.1956,-12.0238,139.4619,537295.2668,0.13451,0.22561,-0.3462,0.90064,294.5966,41.1846,-0.38011,-0.48191,0.4672,0.6364,
2016-04-27 18:29:25,05-Mar-2016 23:17:10,56DB68F6,1,480,2016030523,1,369,6,1,0.01773,5,0,0.012527,,,,,,,,,,,,,,,,,,,,,204,3,pattern_catalogue_doublestarM6_3_MUC4_5_PUC0_1,3,0.1,1.3,12,5,0.65,2457453.4703,1,0,59.5548,2671022.5296,-6216555.7305,-1424516.5003,6986.9851,2740.7698,1184.5094,-11.9229,140.0553,537188.6871,0.13451,0.22561,-0.3462,0.90064,294.5965,41.1844,-0.38011,-0.48191,0.4672,0.6364,
2016-04-27 18:29:25,05-Mar-2016 23:17:20,56DB6900,1,472,2016030523,1,379,8,1,0.016922,3,1,0.0056261,3,5731,5712,5692,0.12971,0.21976,-0.35193,0.90057,8,1,0.13097,0.22028,-0.35183,0.9003,293.7729,40.9487,-0.37444,-0.48818,0.46636,0.63559,204,3,pattern_catalogue_doublestarM6_3_MUC4_5_PUC0_1,3,0.1,1.3,12,5,0.65,2457453.4704,1,0,59.665,2740730.1011,-6188773.234,-1412585.3188,6954.3213,2815.6447,1201.6805,-11.8206,140.6483,537082.2426,0.13451,0.22561,-0.34621,0.90064,294.5965,41.1843,-0.38011,-0.48191,0.4672,0.6364,0.15999,1.0874,0.97748,
2016-04-27 18:29:25,05-Mar-2016 23:17:30,56DB690A,1,468,2016030523,1,389,6,1,0.017452,28,1,0.041992,3,5731,5692,5736,0.12977,0.21996,-0.35168,0.90061,6,1,0.13075,0.22043,-0.35178,0.90031,293.8093,40.9441,-0.37463,-0.48827,0.4662,0.63553,204,3,pattern_catalogue_doublestarM6_3_MUC4_5_PUC0_1,3,0.1,1.3,12,5,0.65,2457453.4705,1,0,59.7702,2810106.8241,-6160243.6594,-1400483.1472,6920.8165,2890.1831,1218.7069,-11.7168,141.2408,536975.9502,0.13451,0.22561,-0.34621,0.90064,294.5964,41.1841,-0.38011,-0.48191,0.4672,0.6364,0.1294,1.0524,0.97283,
2016-04-27 18:29:25,05-Mar-2016 23:17:40,56DB6914,1,456,2016030523,1,399,7,1,0.016778,3,1,0.0051724,3,5731,5712,5692,0.12961,0.22003,-0.35164,0.90063,7,1,0.13047,0.22044,-0.35167,0.90039,293.8361,40.9546,-0.3748,-0.48844,0.46613,0.63535,204,3,pattern_catalogue_doublestarM6_3_MUC4_5_PUC0_1,3,0.1,1.3,12,5,0.65,2457453.4706,1,0,59.8704,2879144.5856,-6130970.2982,-1388211.3933,6886.4746,2964.3762,1235.5865,-11.6116,141.8329,536869.8272,0.13451,0.22561,-0.34621,0.90064,294.5963,41.184,-0.38011,-0.48192,0.46719,0.6364,0.11224,1.0536,0.97874,
2016-04-27 18:29:25,05-Mar-2016 23:17:50,56DB691E,1,484,2016030523,1,409,9,1,0.017489,28,0,0.03836,,,,,,,,,,,,,,,,,,,,,204,3,pattern_catalogue_doublestarM6_3_MUC4_5_PUC0_1,3,0.1,1.3,12,5,0.65,2457453.4707,1,0,59.9654,2947834.4805,-6100956.8872,-1375771.6339,6851.2999,3038.2144,1252.3173,-11.5051,142.4245,536763.892,0.13451,0.22561,-0.34621,0.90064,294.5962,41.1839,-0.38011,-0.48192,0.46719,0.6364,
2016-04-27 18:29:26,05-Mar-2016 23:18:00,56DB6928,1,476,2016030523,1,419,8,1,0.017131,16,1,0.023899,3,5712,5692,5736,0.12994,0.22039,-0.35134,0.90061,7,0.875,0.13,0.22056,-0.35162,0.90045,293.884,40.9523,-0.37506,-0.48872,0.46589,0.63516,204,3,pattern_catalogue_doublestarM6_3_MUC4_5_PUC0_1,3,0.1,1.3,12,5,0.65,2457453.4708,1,0,60.0553,3016168.4789,-6070206.9009,-1363165.3188,6815.2965,3111.689,1268.8972,-11.3972,143.0157,536658.1616,0.13451,0.22561,-0.34621,0.90064,294.5962,41.1837,-0.3801,-0.48192,0.46719,0.6364,0.042223,0.98855,0.99228,
2016-04-27 18:29:26,05-Mar-2016 23:18:10,56DB6932,1,472,2016030523,1,429,6,1,0.017562,29,1,0.041919,3,5731,5692,5736,0.12885,0.22011,-0.35157,0.90075,6,1,0.12983,0.22059,-0.35166,0.90045,293.8943,40.9462,-0.37509,-0.48885,0.46578,0.63512,204,3,pattern_catalogue_doublestarM6_3_MUC4_5_PUC0_1,3,0.1,1.3,12,5,0.65,2457453.4709,1,0,60.14,3084138.5874,-6038723.8913,-1350393.9151,6778.4684,3184.7915,1285.3242,-11.2879,143.6064,536552.6534,0.1345,0.22561,-0.34621,0.90064,294.5961,41.1836,-0.3801,-0.48192,0.46719,0.6364,0.12986,1.0923,1.004,
2016-04-27 18:29:26,05-Mar-2016 23:18:20,56DB693C,1,456,2016030523,1,439,7,1,0.017568,29,0,0.042115,,,,,,,,,,,,,,,,,,,,,204,3,pattern_catalogue_doublestarM6_3_MUC4_5_PUC0_1,3,0.1,1.3,12,5,0.65,2457453.4711,1,0,60.2196,3151736.0363,-6006511.8809,-1337459.0648,6740.8204,3257.5123,1301.5963,-11.1773,144.1966,536447.3857,0.1345,0.22561,-0.34622,0.90064,294.596,41.1834,-0.3801,-0.48192,0.46719,0.6364,
2016-04-27 18:29:26,05-Mar-2016 23:18:30,56DB6946,1,496,2016030523,1,449,6,1,0.017513,32,1,0.042825,3,5731,5692,5736,0.12864,0.21999,-0.35173,0.90074,6,1,0.12949,0.22032,-0.35178,0.90053,293.8765,40.952,-0.37498,-0.48923,0.46576,0.63491,204,3,pattern_catalogue_doublestarM6_3_MUC4_5_PUC0_1,3,0.1,1.3,12,5,0.65,2457453.4712,1,0,60.2939,3218952.9212,-5973574.6018,-1324362.2758,6702.3569,3329.843,1317.7115,-11.0653,144.7864,536342.3756,0.1345,0.22561,-0.34622,0.90064,294.596,41.1833,-0.3801,-0.48192,0.46719,0.6364,0.10721,1.1244,1.0502,
2016-04-27 18:29:27,05-Mar-2016 23:18:40,56DB6950,1,484,2016030523,1,459,7,1,0.016977,3,1,0.0053342,3,5731,5712,5692,0.128,0.21993,-0.35195,0.90076,7,1,0.12936,0.22052,-0.35187,0.90046,293.8997,40.9284,-0.37506,-0.48928,0.46552,0.635,204,3,pattern_catalogue_doublestarM6_3_MUC4_5_PUC0_1,3,0.1,1.3,12,5,0.65,2457453.4713,1,0,60.363,3285781.377,-5939915.8628,-1311105.0732,6663.0821,3401.775,1333.6679,-10.952,145.3757,536237.6402,0.1345,0.22561,-0.34622,0.90063,294.5959,41.1831,-0.3801,-0.48192,0.46719,0.6364,0.17448,1.1881,1.0522,
2016-04-27 18:29:27,05-Mar-2016 23:18:50,56DB695A,1,448,2016030523,1,469,7,1,0.017486,29,0,0.04021,,,,,,,,,,,,,,,,,,,,,204,3,pattern_catalogue_doublestarM6_3_MUC4_5_PUC0_1,3,0.1,1.3,12,5,0.65,2457453.4714,1,0,60.4268,3352212.7788,-5905539.9678,-1297689.1623,6623.0012,3473.2991,1349.4634,-10.8375,145.9645,536133.1979,0.1345,0.22561,-0.34622,0.90063,294.5958,41.183,-0.3801,-0.48193,0.46719,0.6364,
2016-04-27 18:29:27,05-Mar-2016 23:19:00,56DB6964,1,468,2016030523,1,479,8,1,0.017504,3,1,0.0054725,3,5731,5712,5692,0.12867,0.22027,-0.35188,0.90061,8,1,0.12906,0.2205,-0.35198,0.90046,293.9081,40.9179,-0.37507,-0.48954,0.46536,0.63491,204,3,pattern_catalogue_doublestarM6_3_MUC4_5_PUC0_1,3,0.1,1.3,12,5,0.65,2457453.4715,1,0,60.4853,3418239.3567,-5870450.9029,-1284116.1076,6582.1186,3544.4068,1365.0962,-10.7216,146.5529,536029.0658,0.1345,0.22561,-0.34622,0.90063,294.5957,41.1828,-0.3801,-0.48193,0.46719,0.6364,0.055709,1.1141,1.0805,
2016-04-27 18:29:27,05-Mar-2016 23:19:10,56DB696E,1,500,2016030523,1,489,10,1,0.017026,11,1,0.01648,3,5712,5692,5736,0.12898,0.22042,-0.35161,0.90064,8,0.8,0.12905,0.22064,-0.35189,0.90047,293.9322,40.9191,-0.37521,-0.48947,0.46531,0.63491,204,3,pattern_catalogue_doublestarM6_3_MUC4_5_PUC0_1,3,0.1,1.3,12,5,0.65,2457453.4716,1,0,60.5385,3483853.3824,-5834652.7293,-1270387.4906,6540.4393,3615.0899,1380.5644,-10.6044,147.1408,535925.2609,0.1345,0.22561,-0.34622,0.90063,294.5957,41.1827,-0.3801,-0.48193,0.46718,0.6364,0.045742,1.0647,1.0657,
2016-04-27 18:29:27,05-Mar-2016 23:19:20,56DB6978,1,528,2016030523,1,499,8,1,0.017323,29,0,0.039961,,,,,,,,,,,,,,,,,,,,,204,3,pattern_catalogue_doublestarM6_3_MUC4_5_PUC0_1,3,0.1,1.3,12,5,0.65,2457453.4718,1,0,60.5864,3549046.3855,-5798150.0278,-1256505.0779,6497.9683,3685.339,1395.8659,-10.486,147.7283,535821.8014,0.1345,0.22561,-0.34622,0.90063,294.5956,41.1825,-0.3801,-0.48193,0.46718,0.6364,
2016-04-27 18:29:28,05-Mar-2016 23:19:30,56DB6982,1,492,2016030523,1,509,10,1,0.016726,3,1,0.0052216,3,5731,5712,5692,0.12744,0.22022,-0.35163,0.9009,9,0.9,0.12843,0.22066,-0.35161,0.90066,293.996,40.9465,-0.37562,-0.48983,0.46518,0.63449,204,3,pattern_catalogue_doublestarM6_3_MUC4_5_PUC0_1,3,0.1,1.3,12,5,0.65,2457453.4719,1,0,60.6289,3613810.7389,-5760947.0344,-1242470.4891,6454.7107,3755.1461,1410.9991,-10.3664,148.3153,535718.7044,0.1345,0.22561,-0.34623,0.90063,294.5955,41.1824,-0.3801,-0.48193,0.46718,0.6364,0.12782,1.1913,1.0881,
2016-04-27 18:29:28,05-Mar-2016 23:19:40,56DB698C,1,520,2016030523,1,519,8,1,0.017461,29,1,0.042901,3,5731,5692,5736,0.12712,0.22033,-0.35156,0.90094,7,0.875,0.1281,0.22083,-0.35167,0.90064,294.0315,40.9291,-0.37578,-0.49004,0.4649,0.63445,204,3,pattern_catalogue_doublestarM6_3_MUC4_5_PUC0_1,3,0.1,1.3,12,5,0.65,2457453.472,1,0,60.6661,3678138.8596,-5723048.0584,-1228285.3604,6410.6714,3824.5029,1425.9621,-10.2455,148.9018,535615.9867,0.13449,0.22561,-0.34623,0.90063,294.5954,41.1822,-0.3801,-0.48193,0.46718,0.6364,0.1311,1.2063,1.1074,
2016-04-27 18:29:28,05-Mar-2016 23:19:50,56DB6996,1,492,2016030523,1,529,9,1,0.017409,29,0,0.039413,,,,,,,,,,,,,,,,,,,,,204,3,pattern_catalogue_doublestarM6_3_MUC4_5_PUC0_1,3,0.1,1.3,12,5,0.65,2457453.4721,1,0,60.6978,3742022.4412,-5684457.9529,-1213951.5175,6365.8561,3893.4004,1440.753,-10.1234,149.4879,535513.6665,0.13449,0.22561,-0.34623,0.90063,294.5954,41.1821,-0.3801,-0.48193,0.46718,0.6364,
2016-04-27 18:29:28,05-Mar-2016 23:20:00,56DB69A0,1,512,2016030523,1,539,6,1,0.016679,2,0,0.0025898,,,,,,,,,,,,,,,,,,,,,204,3,pattern_catalogue_doublestarM6_3_MUC4_5_PUC0_1,3,0.1,1.3,12,5,0.65,2457453.4722,1,0,60.7242,3805454.0078,-5645181.1988,-1199470.6338,6320.2699,3961.8305,1455.3699,-10.0002,150.0735,535411.7607,0.13449,0.22561,-0.34623,0.90063,294.5953,41.182,-0.3801,-0.48194,0.46718,0.6364,
2016-04-27 18:29:29,05-Mar-2016 23:20:10,56DB69AA,1,508,2016030523,1,549,7,1,0.017608,31,1,0.043452,3,5731,5692,5736,0.12685,0.22035,-0.35159,0.90097,7,1,0.1274,0.22072,-0.35179,0.90072,294.0545,40.9238,-0.37586,-0.49063,0.46462,0.63415,204,3,pattern_catalogue_doublestarM6_3_MUC4_5_PUC0_1,3,0.1,1.3,12,5,0.65,2457453.4723,1,0,60.7452,3868426.13,-5605222.3493,-1184844.3979,6273.918,4029.7852,1469.8113,-9.8757,150.6587,535310.2859,0.13449,0.22561,-0.34623,0.90063,294.5952,41.1818,-0.38009,-0.48194,0.46718,0.6364,0.083874,1.2277,1.1746,
2016-04-27 18:29:29,05-Mar-2016 23:20:20,56DB69B4,1,500,2016030523,1,559,9,1,0.016782,3,1,0.0053439,3,5731,5712,5692,0.12597,0.22047,-0.35176,0.90099,9,1,0.12717,0.221,-0.35169,0.90072,294.1086,40.9151,-0.37615,-0.49066,0.46439,0.63412,204,3,pattern_catalogue_doublestarM6_3_MUC4_5_PUC0_1,3,0.1,1.3,12,5,0.65,2457453.4725,1,0,60.7608,3930930.6744,-5564586.5245,-1170074.6934,6226.8065,4097.2557,1484.0751,-9.7501,151.2434,535209.2601,0.13449,0.22561,-0.34623,0.90063,294.5951,41.1817,-0.38009,-0.48194,0.46718,0.6364,0.15402,1.3046,1.1716,
2016-04-27 18:29:29,05-Mar-2016 23:20:30,56DB69BE,1,512,2016030523,1,569,8,1,0.016984,3,1,0.0052494,3,5731,5712,5692,0.12555,0.22045,-0.35177,0.90105,8,1,0.12683,0.22105,-0.35171,0.90075,294.1341,40.9098,-0.37627,-0.4909,0.46421,0.634,204,3,pattern_catalogue_doublestarM6_3_MUC4_5_PUC0_1,3,0.1,1.3,12,5,0.65,2457453.4726,1,0,60.771,3992960.3246,-5523278.4456,-1155163.2449,6178.9407,4164.234,1498.1597,-9.6233,151.8276,535108.7,0.13449,0.22561,-0.34624,0.90063,294.5951,41.1815,-0.38009,-0.48194,0.46718,0.6364,0.16589,1.3423,1.1986,
2016-04-27 18:29:29,05-Mar-2016 23:20:40,56DB69C8,1,524,2016030523,1,579,7,1,0.017373,28,1,0.040215,3,5731,5692,5736,0.12592,0.2207,-0.3517,0.90097,7,1,0.12662,0.22111,-0.35188,0.9007,294.1427,40.8882,-0.37626,-0.49108,0.46399,0.63402,204,3,pattern_catalogue_doublestarM6_3_MUC4_5_PUC0_1,3,0.1,1.3,12,5,0.65,2457453.4727,1,0,60.7757,4054507.8132,-5481302.9049,-1140111.7921,6130.3262,4230.7122,1512.0635,-9.4954,152.4114,535008.6221,0.13449,0.22561,-0.34624,0.90063,294.595,41.1814,-0.38009,-0.48194,0.46717,0.6364,0.099369,1.2933,1.2232,
2016-04-27 18:29:30,05-Mar-2016 23:20:50,56DB69D2,1,508,2016030523,1,589,7,1,0.016779,11,1,0.017414,3,5692,5715,5736,0.12673,0.22096,-0.3515,0.90087,7,1,0.12618,0.22103,-0.35197,0.90074,294.1537,40.8836,-0.37629,-0.49145,0.46382,0.63384,204,3,pattern_catalogue_doublestarM6_3_MUC4_5_PUC0_1,3,0.1,1.3,12,5,0.65,2457453.4728,1,0,60.775,4115565.1889,-5438665.2837,-1124922.2741,6080.9692,4296.6818,1525.7846,-9.3663,152.9948,534909.0442,0.13449,0.2256,-0.34624,0.90063,294.5949,41.1812,-0.38009,-0.48194,0.46717,0.63641,0.084534,1.1991,1.2696,
2016-04-27 18:29:30,05-Mar-2016 23:21:00,56DB69DC,1,496,2016030523,1,599,8,1,0.017476,29,1,0.041124,3,5731,5692,5736,0.12526,0.22065,-0.35171,0.90107,8,1,0.12599,0.22105,-0.35183,0.90082,294.1787,40.8976,-0.37646,-0.49155,0.4638,0.63368,204,3,pattern_catalogue_doublestarM6_3_MUC4_5_PUC0_1,3,0.1,1.3,12,5,0.65,2457453.4729,1,0,60.7689,4176125.5451,-5395370.3632,-1109596.4032,6030.8752,4362.1352,1539.3214,-9.2362,153.5777,534809.9823,0.13448,0.2256,-0.34624,0.90063,294.5948,41.1811,-0.38009,-0.48194,0.46717,0.63641,0.10044,1.3548,1.2772,
2016-04-27 18:29:30,05-Mar-2016 23:21:10,56DB69E6,1,504,2016030523,1,609,8,1,0.01823,29,1,0.042578,3,5731,5692,5736,0.12492,0.2207,-0.35167,0.90112,7,0.875,0.12574,0.22115,-0.35182,0.90084,294.2077,40.8914,-0.37661,-0.49169,0.46363,0.63361,204,3,pattern_catalogue_doublestarM6_3_MUC4_5_PUC0_1,3,0.1,1.3,12,5,0.65,2457453.473,1,0,60.7574,4236181.0568,-5351423.6961,-1094136.1541,5980.0506,4427.0639,1552.6722,-9.105,154.1601,534711.454,0.13448,0.2256,-0.34624,0.90063,294.5948,41.1809,-0.38009,-0.48195,0.46717,0.63641,0.11345,1.3815,1.2938,
2016-04-27 18:29:30,05-Mar-2016 23:21:20,56DB69F0,1,500,2016030523,1,619,7,1,0.016765,8,1,0.012653,3,5692,5715,5736,0.12738,0.2216,-0.3509,0.90085,7,1,0.1254,0.22122,-0.35167,0.90093,294.2478,40.9033,-0.37685,-0.49187,0.46353,0.6334,204,3,pattern_catalogue_doublestarM6_3_MUC4_5_PUC0_1,3,0.1,1.3,12,5,0.65,2457453.4731,1,0,60.7404,4295724.6911,-5306830.3928,-1078543.3333,5928.5013,4491.4604,1565.8354,-8.9727,154.7422,534613.4754,0.13448,0.2256,-0.34624,0.90063,294.5947,41.1808,-0.38009,-0.48195,0.46717,0.63641,0.2466,1.077,1.3126,
2016-04-27 18:29:30,05-Mar-2016 23:21:30,56DB69FA,1,504,2016030523,1,629,8,1,0.016836,3,1,0.0054963,3,5731,5712,5692,0.12421,0.22091,-0.35155,0.90121,8,1,0.12505,0.22136,-0.35159,0.90097,294.2926,40.9025,-0.3771,-0.49205,0.46333,0.63325,204,3,pattern_catalogue_doublestarM6_3_MUC4_5_PUC0_1,3,0.1,1.3,12,5,0.65,2457453.4733,1,0,60.7181,4354749.4683,-5261595.6325,-1062819.7614,5876.2333,4555.317,1578.8095,-8.8394,155.3237,534516.0628,0.13448,0.2256,-0.34624,0.90063,294.5946,41.1807,-0.38009,-0.48195,0.46717,0.63641,0.11227,1.4313,1.3351,
2016-04-27 18:29:31,05-Mar-2016 23:21:40,56DB6A04,1,508,2016030523,1,639,8,1,0.0177,32,1,0.044365,3,5731,5692,5736,0.12388,0.22097,-0.35136,0.90132,8,1,0.12474,0.2214,-0.35144,0.90106,294.3286,40.9156,-0.37732,-0.49222,0.46325,0.63305,204,3,pattern_catalogue_doublestarM6_3_MUC4_5_PUC0_1,3,0.1,1.3,12,5,0.65,2457453.4734,1,0,60.6903,4413247.7596,-5215725.2194,-1046967.4649,5823.2533,4618.6254,1591.5927,-8.705,155.9049,534419.2335,0.13448,0.2256,-0.34625,0.90063,294.5946,41.1805,-0.38009,-0.48195,0.46717,0.63641,0.11462,1.4516,1.3543,
2016-04-27 18:29:31,05-Mar-2016 23:21:50,56DB6A0E,1,504,2016030523,1,649,10,1,0.017372,28,0,0.038875,,,,,,,,,,,,,,,,,,,,,204,3,pattern_catalogue_doublestarM6_3_MUC4_5_PUC0_1,3,0.1,1.3,12,5,0.65,2457453.4735,1,0,60.6571,4471212.7129,-5169224.4905,-1030988.2968,5769.5674,4681.3782,1604.1836,-8.5696,156.4856,534323.0034,0.13448,0.2256,-0.34625,0.90063,294.5945,41.1804,-0.38009,-0.48195,0.46717,0.63641,
2016-04-27 18:29:31,05-Mar-2016 23:22:00,56DB6A18,1,532,2016030523,1,659,11,1,0.016754,3,1,0.0054688,3,5731,5712,5692,0.12291,0.22112,-0.35134,0.90142,11,1,0.12404,0.22169,-0.3513,0.90114,294.4169,40.9114,-0.3778,-0.49258,0.46284,0.63278,204,3,pattern_catalogue_doublestarM6_3_MUC4_5_PUC0_1,3,0.1,1.3,12,5,0.65,2457453.4736,1,0,60.6186,4528637.5315,-5122098.8496,-1014884.1235,5715.1818,4743.5679,1616.5806,-8.4332,157.0659,534227.3883,0.13448,0.2256,-0.34625,0.90063,294.5944,41.1803,-0.38009,-0.48195,0.46717,0.63641,0.14841,1.5399,1.404,
2016-04-27 18:29:32,05-Mar-2016 23:22:10,56DB6A22,1,504,2016030523,1,669,9,1,0.017025,14,1,0.020934,3,5712,5692,5736,0.12328,0.22141,-0.35103,0.90142,8,0.88889,0.12374,0.22179,-0.35129,0.90116,294.4483,40.9051,-0.37796,-0.49276,0.46265,0.63269,204,3,pattern_catalogue_doublestarM6_3_MUC4_5_PUC0_1,3,0.1,1.3,12,5,0.65,2457453.4737,1,0,60.5746,4585514.7914,-5074354.3465,-998657.0213,5660.1036,4805.1866,1628.7821,-8.2958,157.6458,534132.4053,0.13448,0.2256,-0.34625,0.90063,294.5944,41.1801,-0.38008,-0.48195,0.46716,0.63641,0.080345,1.4783,1.4285,
2016-04-27 18:29:32,05-Mar-2016 23:22:20,56DB6A2C,1,556,2016030523,1,679,9,1,0.016935,12,0,0.016827,,,,,,,,,,,,,,,,,,,,,204,3,pattern_catalogue_doublestarM6_3_MUC4_5_PUC0_1,3,0.1,1.3,12,5,0.65,2457453.4738,1,0,60.5253,4641837.8288,-5025996.539,-982308.8876,5604.3391,4866.2269,1640.7867,-8.1574,158.2253,534038.0699,0.13448,0.2256,-0.34625,0.90063,294.5943,41.18,-0.38008,-0.48195,0.46716,0.63641,
2016-04-27 18:29:32,05-Mar-2016 23:22:30,56DB6A36,1,516,2016030523,1,689,9,1,0.016847,11,0,0.0151,,,,,,,,,,,,,,,,,,,,,204,3,pattern_catalogue_doublestarM6_3_MUC4_5_PUC0_1,3,0.1,1.3,12,5,0.65,2457453.474,1,0,60.4707,4697600.0374,-4977031.0495,-965841.6326,5547.8947,4926.6817,1652.5929,-8.0181,158.8043,533944.3978,0.13447,0.2256,-0.34625,0.90063,294.5942,41.1799,-0.38008,-0.48196,0.46716,0.63641,
2016-04-27 18:29:32,05-Mar-2016 23:22:40,56DB6A40,1,512,2016030523,1,699,9,1,0.017241,14,1,0.021177,3,5712,5692,5736,0.12208,0.22137,-0.35068,0.90173,9,1,0.1226,0.22175,-0.35088,0.90149,294.5472,40.9519,-0.37858,-0.49349,0.46241,0.63191,204,3,pattern_catalogue_doublestarM6_3_MUC4_5_PUC0_1,3,0.1,1.3,12,5,0.65,2457453.4741,1,0,60.4107,4752794.2065,-4927464.1671,-949257.3801,5490.7778,4986.5431,1664.1992,-7.8779,159.383,533851.4054,0.13447,0.2256,-0.34625,0.90063,294.5942,41.1797,-0.38008,-0.48196,0.46716,0.63641,0.082087,1.5891,1.5286,
2016-04-27 18:29:33,05-Mar-2016 23:22:50,56DB6A4A,1,536,2016030523,1,709,9,1,0.017409,29,1,0.042997,3,5731,5692,5736,0.12154,0.22163,-0.35068,0.90174,9,1,0.12234,0.22206,-0.35078,0.90149,294.6078,40.9416,-0.37891,-0.49353,0.46215,0.63188,204,3,pattern_catalogue_doublestarM6_3_MUC4_5_PUC0_1,3,0.1,1.3,12,5,0.65,2457453.4742,1,0,60.3454,4807413.8679,-4877301.6642,-932558.07,5432.995,5045.8039,1675.6042,-7.7367,159.9612,533759.1081,0.13447,0.2256,-0.34626,0.90063,294.5941,41.1796,-0.38008,-0.48196,0.46716,0.63641,0.10899,1.6361,1.5409,
2016-04-27 18:29:33,05-Mar-2016 23:23:00,56DB6A54,1,516,2016030523,1,719,10,1,0.016858,4,1,0.0072063,3,5731,5712,5692,0.12136,0.22168,-0.35065,0.90176,10,1,0.12225,0.22215,-0.35064,0.90153,294.634,40.9501,-0.37908,-0.49353,0.46213,0.6318,204,3,pattern_catalogue_doublestarM6_3_MUC4_5_PUC0_1,3,0.1,1.3,12,5,0.65,2457453.4743,1,0,60.2749,4861452.6131,-4826549.3762,-915745.6541,5374.553,5104.4574,1686.8066,-7.5947,160.539,533667.521,0.13447,0.2256,-0.34626,0.90063,294.594,41.1795,-0.38008,-0.48196,0.46716,0.63641,0.11815,1.6525,1.5432,
2016-04-27 18:29:33,05-Mar-2016 23:23:10,56DB6A5E,1,524,2016030523,1,729,9,1,0.017394,31,1,0.043666,3,5731,5692,5736,0.12133,0.22173,-0.35049,0.90181,9,1,0.1218,0.22207,-0.35066,0.9016,294.6523,40.953,-0.37917,-0.49389,0.46198,0.63157,204,3,pattern_catalogue_doublestarM6_3_MUC4_5_PUC0_1,3,0.1,1.3,12,5,0.65,2457453.4744,1,0,60.199,4914903.4525,-4775213.8242,-898822.3015,5315.4592,5162.4957,1697.8049,-7.4517,161.1165,533576.6603,0.13447,0.2256,-0.34626,0.90063,294.594,41.1793,-0.38008,-0.48196,0.46716,0.63641,0.07295,1.6482,1.5936,
2016-04-27 18:29:33,05-Mar-2016 23:23:20,56DB6A68,1,528,2016030523,1,739,9,1,0.017417,31,1,0.043606,3,5731,5692,5736,0.12067,0.22174,-0.35033,0.90196,9,1,0.12132,0.22213,-0.35045,0.90174,294.7055,40.9721,-0.3795,-0.49416,0.46185,0.63126,204,3,pattern_catalogue_doublestarM6_3_MUC4_5_PUC0_1,3,0.1,1.3,12,5,0.65,2457453.4745,1,0,60.1179,4967760.1208,-4723300.9893,-881789.9922,5255.7206,5219.9122,1708.5978,-7.3079,161.6936,533486.5409,0.13447,0.2256,-0.34626,0.90063,294.5939,41.1792,-0.38008,-0.48196,0.46716,0.63641,0.090976,1.7133,1.6359,
2016-04-27 18:29:34,05-Mar-2016 23:23:30,56DB6A72,1,524,2016030523,1,749,10,1,0.017441,31,1,0.042132,3,5731,5692,5736,0.12058,0.22214,-0.34996,0.90202,9,0.9,0.12107,0.22249,-0.35012,0.90181,294.7882,40.9821,-0.38,-0.49411,0.46167,0.63112,204,3,pattern_catalogue_doublestarM6_3_MUC4_5_PUC0_1,3,0.1,1.3,12,5,0.65,2457453.4747,1,0,60.0316,5020016.4145,-4670816.9134,-864650.7177,5195.3441,5276.6999,1719.184,-7.1632,162.2703,533397.1776,0.13447,0.2256,-0.34626,0.90063,294.5938,41.1791,-0.38008,-0.48196,0.46716,0.63641,0.075986,1.7018,1.6429,
2016-04-27 18:29:34,05-Mar-2016 23:23:40,56DB6A7C,1,504,2016030523,1,759,9,1,0.017999,30,1,0.044696,3,5731,5692,5736,0.1202,0.22219,-0.34993,0.90207,9,1,0.12062,0.22251,-0.3501,0.90187,294.8205,40.983,-0.38017,-0.49442,0.46148,0.63092,204,3,pattern_catalogue_doublestarM6_3_MUC4_5_PUC0_1,3,0.1,1.3,12,5,0.65,2457453.4748,1,0,59.9401,5071665.5728,-4617768.343,-847406.6899,5134.3375,5332.8516,1729.5621,-7.0177,162.8466,533308.586,0.13447,0.2256,-0.34626,0.90062,294.5938,41.179,-0.38008,-0.48197,0.46716,0.63641,0.067437,1.7401,1.6898,
2016-04-27 18:29:34,05-Mar-2016 23:23:50,56DB6A86,1,528,2016030523,1,769,7,1,0.017159,1,0,0.0016635,,,,,,,,,,,,,,,,,,,,,204,3,pattern_catalogue_doublestarM6_3_MUC4_5_PUC0_1,3,0.1,1.3,12,5,0.65,2457453.4749,1,0,59.8435,5122701.5402,-4564161.4609,-830059.927,5072.7078,5388.3605,1739.7309,-6.8714,163.4225,533220.7807,0.13447,0.2256,-0.34626,0.90062,294.5937,41.1789,-0.38008,-0.48197,0.46715,0.63641,
2016-04-27 18:29:34,05-Mar-2016 23:24:00,56DB6A90,1,520,2016030523,1,779,9,1,0.017569,32,1,0.043549,3,5731,5692,5736,0.11962,0.22242,-0.34988,0.90211,9,1,0.12001,0.22275,-0.35006,0.90191,294.89,40.9716,-0.38052,-0.49477,0.46109,0.63072,204,3,pattern_catalogue_doublestarM6_3_MUC4_5_PUC0_1,3,0.1,1.3,12,5,0.65,2457453.475,1,0,59.7417,5173118.3251,-4510002.5093,-812612.4578,5010.4623,5443.2201,1749.6892,-6.7243,163.9981,533133.7759,0.13446,0.2256,-0.34626,0.90062,294.5937,41.1787,-0.38008,-0.48197,0.46715,0.63641,0.06624,1.7962,1.7497,
2016-04-27 18:29:35,05-Mar-2016 23:24:10,56DB6A9A,1,524,2016030523,1,789,8,1,0.016947,10,1,0.013027,3,5733,5765,5806,0.11769,0.22228,-0.35081,0.90204,8,1,0.11948,0.22274,-0.35,0.902,294.927,40.9784,-0.38073,-0.49514,0.4609,0.63044,204,3,pattern_catalogue_doublestarM6_3_MUC4_5_PUC0_1,3,0.1,1.3,12,5,0.65,2457453.4751,1,0,59.6348,5222909.4031,-4455298.4526,-795066.5348,4947.609,5497.4234,1759.4356,-6.5764,164.5733,533047.5869,0.13446,0.2256,-0.34627,0.90062,294.5936,41.1786,-0.38008,-0.48197,0.46715,0.63641,0.23062,2.034,1.8072,
2016-04-27 18:29:35,05-Mar-2016 23:24:20,56DB6AA4,1,540,2016030523,1,799,10,1,0.017229,4,1,0.0068908,3,5731,5712,5692,0.11937,0.22273,-0.34951,0.90221,9,0.9,0.11913,0.22285,-0.34977,0.90211,294.9796,40.996,-0.38106,-0.49528,0.4608,0.6302,204,3,pattern_catalogue_doublestarM6_3_MUC4_5_PUC0_1,3,0.1,1.3,12,5,0.65,2457453.4752,1,0,59.5229,5272068.9354,-4400055.6689,-777424.2119,4884.1551,5550.9638,1768.969,-6.4278,165.1482,532962.2278,0.13446,0.2256,-0.34627,0.90062,294.5936,41.1785,-0.38008,-0.48197,0.46715,0.63641,0.044091,1.8081,1.8373,
2016-04-27 18:29:36,05-Mar-2016 23:24:30,56DB6AAE,1,536,2016030523,1,809,8,1,0.017113,15,0,0.022187,,,,,,,,,,,,,,,,,,,,,204,3,pattern_catalogue_doublestarM6_3_MUC4_5_PUC0_1,3,0.1,1.3,12,5,0.65,2457453.4753,1,0,59.4059,5320591.1487,-4344280.5938,-759687.5533,4820.1082,5603.8351,1778.2883,-6.2784,165.7227,532877.7122,0.13446,0.2256,-0.34627,0.90062,294.5935,41.1784,-0.38008,-0.48197,0.46715,0.63641,
2016-04-27 18:29:36,05-Mar-2016 23:24:40,56DB6AB8,1,556,2016030523,1,819,9,1,0.017377,27,0,0.039709,,,,,,,,,,,,,,,,,,,,,204,3,pattern_catalogue_doublestarM6_3_MUC4_5_PUC0_1,3,0.1,1.3,12,5,0.65,2457453.4755,1,0,59.2839,5368469.7625,-4287980.4019,-741858.8493,4755.4763,5656.0304,1787.3923,-6.1283,166.2969,532794.055,0.13446,0.2256,-0.34627,0.90062,294.5935,41.1783,-0.38007,-0.48197,0.46715,0.63641,
2016-04-27 18:29:36,05-Mar-2016 23:24:50,56DB6AC2,1,528,2016030523,1,829,9,1,0.017869,31,1,0.043095,3,5731,5692,5736,0.11717,0.22271,-0.34891,0.90274,9,1,0.11797,0.22318,-0.34898,0.90249,295.152,41.0566,-0.38215,-0.49577,0.4605,0.62937,204,3,pattern_catalogue_doublestarM6_3_MUC4_5_PUC0_1,3,0.1,1.3,12,5,0.65,2457453.4756,1,0,59.157,5415699.3494,-4231161.4304,-723940.1152,4690.2668,5707.5437,1796.2798,-5.9774,166.8707,532711.2694,0.13446,0.2256,-0.34627,0.90062,294.5934,41.1782,-0.38007,-0.48197,0.46715,0.63641,0.11113,2.0463,1.9465,
2016-04-27 18:29:36,05-Mar-2016 23:25:00,56DB6ACC,1,528,2016030523,1,839,11,1,0.016775,3,1,0.0053889,3,5731,5712,5692,0.11728,0.22283,-0.34881,0.90273,10,0.90909,0.11773,0.22317,-0.34888,0.90256,295.1753,41.0679,-0.3823,-0.49592,0.46045,0.6292,204,3,pattern_catalogue_doublestarM6_3_MUC4_5_PUC0_1,3,0.1,1.3,12,5,0.65,2457453.4757,1,0,59.0251,5462273.7954,-4173830.9898,-705933.6652,4624.4881,5758.3683,1804.9498,-5.8259,167.4443,532629.3696,0.13446,0.2256,-0.34627,0.90062,294.5934,41.1781,-0.38007,-0.48197,0.46715,0.63641,0.067751,2.0297,1.9729,
2016-04-27 18:29:37,05-Mar-2016 23:25:10,56DB6AD6,1,524,2016030523,1,849,9,1,0.016772,9,1,0.011696,3,5731,5712,5736,0.11756,0.22314,-0.3487,0.90266,9,1,0.1173,0.22322,-0.34898,0.90256,295.1994,41.0536,-0.38239,-0.49624,0.46019,0.62909,204,3,pattern_catalogue_doublestarM6_3_MUC4_5_PUC0_1,3,0.1,1.3,12,5,0.65,2457453.4758,1,0,58.8884,5508187.6366,-4115995.7687,-687841.608,4558.1479,5808.4982,1813.4012,-5.6737,168.0175,532548.3689,0.13446,0.2256,-0.34627,0.90062,294.5934,41.178,-0.38007,-0.48198,0.46715,0.63641,0.046599,1.9901,2.021,
2016-04-27 18:29:37,05-Mar-2016 23:25:20,56DB6AE0,1,516,2016030523,1,859,9,1,0.017076,11,0,0.016885,,,,,,,,,,,,,,,,,,,,,204,3,pattern_catalogue_doublestarM6_3_MUC4_5_PUC0_1,3,0.1,1.3,12,5,0.65,2457453.4759,1,0,58.7468,5553435.4783,-4057662.5089,-669666.0617,4491.2539,5857.9275,1821.633,-5.5209,168.5904,532468.2802,0.13446,0.2256,-0.34627,0.90062,294.5933,41.1779,-0.38007,-0.48198,0.46715,0.63641,
2016-04-27 18:29:37,05-Mar-2016 23:25:30,56DB6AEA,1,524,2016030523,1,869,8,1,0.017346,26,1,0.032618,3,5712,5736,5715,0.11756,0.22351,-0.34813,0.90279,8,1,0.11636,0.22339,-0.3487,0.90275,295.3006,41.072,-0.38297,-0.49679,0.45982,0.62857,204,3,pattern_catalogue_doublestarM6_3_MUC4_5_PUC0_1,3,0.1,1.3,12,5,0.65,2457453.476,1,0,58.6005,5598011.4615,-3998838.7185,-651409.374,4423.8147,5906.6497,1829.644,-5.3674,169.163,532389.1174,0.13446,0.2256,-0.34627,0.90062,294.5933,41.1778,-0.38007,-0.48198,0.46715,0.63641,0.1541,1.9776,2.1221,
2016-04-27 18:29:37,05-Mar-2016 23:25:40,56DB6AF4,1,552,2016030523,1,879,8,1,0.017257,15,1,0.022465,3,5712,5692,5736,0.11583,0.22316,-0.3483,0.90303,8,1,0.11589,0.22347,-0.34859,0.90284,295.3477,41.0784,-0.38324,-0.49707,0.45962,0.62833,204,3,pattern_catalogue_doublestarM6_3_MUC4_5_PUC0_1,3,0.1,1.3,12,5,0.65,2457453.4762,1,0,58.4494,5641910.3558,-3939531.2623,-633073.6836,4355.8383,5954.6591,1837.4334,-5.2133,169.7353,532310.8929,0.13445,0.2256,-0.34628,0.90062,294.5932,41.1777,-0.38007,-0.48198,0.46715,0.63641,0.053705,2.1831,2.1728,
2016-04-27 18:29:38,05-Mar-2016 23:25:50,56DB6AFE,1,528,2016030523,1,889,10,1,0.016974,3,1,0.0054396,3,5731,5712,5692,0.11565,0.22333,-0.34834,0.903,10,1,0.11572,0.22356,-0.34848,0.90288,295.3781,41.0845,-0.38342,-0.49712,0.45955,0.62823,204,3,pattern_catalogue_doublestarM6_3_MUC4_5_PUC0_1,3,0.1,1.3,12,5,0.65,2457453.4763,1,0,58.2936,5685127.0016,-3879747.0565,-614661.1377,4287.3324,6001.95,1845.0003,-5.0586,170.3074,532233.6193,0.13445,0.2256,-0.34628,0.90062,294.5932,41.1776,-0.38007,-0.48198,0.46714,0.63641,0.034285,2.2,2.1895,
2016-04-27 18:29:38,05-Mar-2016 23:26:00,56DB6B08,1,532,2016030523,1,899,9,1,0.017336,14,1,0.02158,3,5712,5692,5736,0.11573,0.22333,-0.34808,0.90309,9,1,0.11529,0.22345,-0.34844,0.90298,295.3961,41.0959,-0.38353,-0.49747,0.45946,0.62796,204,3,pattern_catalogue_doublestarM6_3_MUC4_5_PUC0_1,3,0.1,1.3,12,5,0.65,2457453.4764,1,0,58.1331,5727655.8018,-3819493.7982,-596174.1153,4218.306,6048.5162,1852.3435,-4.9033,170.8791,532157.3098,0.13445,0.2256,-0.34628,0.90062,294.5932,41.1776,-0.38007,-0.48198,0.46714,0.63641,0.068259,2.1891,2.2403,
2016-04-27 18:29:38,05-Mar-2016 23:26:10,56DB6B12,1,544,2016030523,1,909,10,1,0.016729,3,1,0.0057155,3,5731,5712,5692,0.11481,0.22322,-0.3482,0.90319,9,0.9,0.11489,0.22348,-0.34836,0.90305,295.4314,41.1024,-0.38372,-0.49772,0.45931,0.62775,204,3,pattern_catalogue_doublestarM6_3_MUC4_5_PUC0_1,3,0.1,1.3,12,5,0.65,2457453.4765,1,0,57.968,5769491.765,-3758778.5212,-577614.7825,4148.7672,6094.3523,1859.4623,-4.7474,171.4506,532081.9763,0.13445,0.2256,-0.34628,0.90062,294.5931,41.1775,-0.38007,-0.48198,0.46714,0.63641,0.039628,2.2972,2.2844,
2016-04-27 18:29:38,05-Mar-2016 23:26:20,56DB6B1C,1,552,2016030523,1,919,11,1,0.016836,3,1,0.0055223,3,5731,5712,5692,0.11414,0.22331,-0.34799,0.90333,10,0.90909,0.11463,0.22368,-0.34803,0.90316,295.4955,41.1231,-0.38414,-0.49774,0.45923,0.62753,204,3,pattern_catalogue_doublestarM6_3_MUC4_5_PUC0_1,3,0.1,1.3,12,5,0.65,2457453.4766,1,0,57.7983,5810629.9728,-3697608.3085,-558985.3132,4078.724,6139.4527,1866.3558,-4.591,172.0218,532007.6308,0.13445,0.2256,-0.34628,0.90062,294.5931,41.1774,-0.38007,-0.48198,0.46714,0.63641,0.073439,2.3713,2.3094,
2016-04-27 18:29:39,05-Mar-2016 23:26:30,56DB6B26,1,528,2016030523,1,929,9,1,0.016671,3,1,0.0054405,3,5731,5712,5692,0.11373,0.22337,-0.34789,0.90341,9,1,0.11432,0.22382,-0.34794,0.9032,295.5379,41.1232,-0.38437,-0.49788,0.45906,0.6274,204,3,pattern_catalogue_doublestarM6_3_MUC4_5_PUC0_1,3,0.1,1.3,12,5,0.65,2457453.4767,1,0,57.6241,5851065.0958,-3635991.0379,-540288.115,4008.1855,6183.8117,1873.0231,-4.4341,172.5928,531934.2857,0.13445,0.2256,-0.34628,0.90062,294.5931,41.1773,-0.38007,-0.48198,0.46714,0.63641,0.088596,2.4168,2.3422,
2016-04-27 18:29:39,05-Mar-2016 23:26:40,56DB6B30,1,552,2016030523,1,939,9,1,0.017407,32,1,0.044006,3,5731,5692,5736,0.11418,0.22368,-0.34748,0.90343,8,0.88889,0.11414,0.22385,-0.34768,0.90332,295.5737,41.1492,-0.38463,-0.49792,0.4591,0.62719,204,3,pattern_catalogue_doublestarM6_3_MUC4_5_PUC0_1,3,0.1,1.3,12,5,0.65,2457453.4769,1,0,57.4454,5890792.3876,-3573933.9044,-521525.3792,3937.16,6227.4239,1879.4633,-4.2767,173.1635,531861.9525,0.13445,0.2256,-0.34628,0.90062,294.5931,41.1772,-0.38007,-0.48199,0.46714,0.63641,0.032625,2.3594,2.3613,
2016-04-27 18:29:39,05-Mar-2016 23:26:50,56DB6B3A,1,548,2016030523,1,949,9,1,0.01742,32,1,0.043332,3,5731,5692,5736,0.11325,0.2235,-0.34745,0.9036,9,1,0.11386,0.22394,-0.34754,0.90338,295.6131,41.158,-0.38487,-0.49805,0.45899,0.62702,204,3,pattern_catalogue_doublestarM6_3_MUC4_5_PUC0_1,3,0.1,1.3,12,5,0.65,2457453.477,1,0,57.2623,5929807.1761,-3511444.1502,-502699.3039,3865.6557,6270.2842,1885.6758,-4.1187,173.734,531790.6425,0.13445,0.2256,-0.34628,0.90062,294.5931,41.1772,-0.38007,-0.48199,0.46714,0.63641,0.090586,2.4683,2.392,
2016-04-27 18:29:39,05-Mar-2016 23:27:00,56DB6B44,1,560,2016030523,1,959,9,1,0.017551,27,1,0.028108,3,5731,5736,5765,0.1137,0.2241,-0.34734,0.90344,7,0.77778,0.11354,0.2241,-0.34751,0.90339,295.6537,41.1494,-0.38507,-0.49822,0.45876,0.62693,204,3,pattern_catalogue_doublestarM6_3_MUC4_5_PUC0_1,3,0.1,1.3,12,5,0.65,2457453.4771,1,0,57.0748,5968104.406,-3448529.825,-483812.3229,3793.6819,6312.387,1891.6596,-3.9603,174.3042,531720.3675,0.13445,0.2256,-0.34628,0.90062,294.593,41.1771,-0.38007,-0.48199,0.46714,0.63641,0.027568,2.4084,2.4275,
2016-04-27 18:29:40,05-Mar-2016 23:27:10,56DB6B4E,1,532,2016030523,1,969,9,1,0.016922,13,1,0.020508,3,5712,5692,5736,0.11315,0.2238,-0.34711,0.90367,9,1,0.11314,0.22408,-0.34737,0.90351,295.687,41.1663,-0.38528,-0.49847,0.45868,0.62666,204,3,pattern_catalogue_doublestarM6_3_MUC4_5_PUC0_1,3,0.1,1.3,12,5,0.65,2457453.4772,1,0,56.883,6005679.5809,-3385198.2775,-464866.6499,3721.247,6353.7273,1897.4141,-3.8015,174.8742,531651.1384,0.13445,0.2256,-0.34628,0.90062,294.593,41.177,-0.38007,-0.48199,0.46714,0.63641,0.04698,2.4752,2.4726,
2016-04-27 18:29:40,05-Mar-2016 23:27:20,56DB6B58,1,548,2016030523,1,979,9,1,0.017552,35,1,0.046634,3,5731,5692,5736,0.11291,0.22403,-0.34701,0.90368,9,1,0.11289,0.22426,-0.34723,0.90354,295.7345,41.1681,-0.38555,-0.49854,0.45852,0.62655,204,3,pattern_catalogue_doublestarM6_3_MUC4_5_PUC0_1,3,0.1,1.3,12,5,0.65,2457453.4773,1,0,56.6869,6042528.2805,-3321456.9007,-445864.5054,3648.3594,6394.3002,1902.9387,-3.6422,175.4441,531582.9657,0.13445,0.2256,-0.34628,0.90062,294.593,41.177,-0.38007,-0.48199,0.46714,0.63641,0.040192,2.5005,2.4993,
2016-04-27 18:29:40,05-Mar-2016 23:27:30,56DB6B62,1,524,2016030523,1,989,10,1,0.017517,33,1,0.045148,3,5731,5692,5736,0.11273,0.22422,-0.34698,0.90367,9,0.9,0.11243,0.22436,-0.34727,0.90356,295.7716,41.1576,-0.38572,-0.49885,0.45824,0.6264,204,3,pattern_catalogue_doublestarM6_3_MUC4_5_PUC0_1,3,0.1,1.3,12,5,0.65,2457453.4774,1,0,56.4866,6078645.7289,-3257313.908,-426808.346,3575.0287,6434.1005,1908.2324,-3.4825,176.0137,531515.8606,0.13444,0.2256,-0.34628,0.90062,294.593,41.1769,-0.38007,-0.48199,0.46714,0.63641,0.051622,2.519,2.5512,
2016-04-27 18:29:40,05-Mar-2016 23:27:40,56DB6B6C,1,532,2016030523,1,999,9,1,0.016874,8,1,0.011914,3,5731,5712,5736,0.11229,0.22413,-0.34701,0.90374,8,0.88889,0.11225,0.22437,-0.34728,0.90358,295.7837,41.1564,-0.38578,-0.49899,0.45816,0.62632,204,3,pattern_catalogue_doublestarM6_3_MUC4_5_PUC0_1,3,0.1,1.3,12,5,0.65,2457453.4775,1,0,56.2821,6114027.6852,-3192776.7934,-407700.4059,3501.2633,6473.1233,1913.2948,-3.3224,176.5831,531449.8334,0.13444,0.2256,-0.34628,0.90062,294.593,41.1769,-0.38007,-0.48199,0.46714,0.63641,0.045068,2.5701,2.5721,
2016-04-27 18:29:41,05-Mar-2016 23:27:50,56DB6B76,1,544,2016030523,1,1009,8,1,0.017562,33,1,0.045367,3,5731,5692,5736,0.11202,0.2243,-0.3468,0.90381,8,1,0.11184,0.22454,-0.3471,0.90366,295.8432,41.164,-0.38612,-0.49916,0.45796,0.62611,204,3,pattern_catalogue_doublestarM6_3_MUC4_5_PUC0_1,3,0.1,1.3,12,5,0.65,2457453.4777,1,0,56.0735,6148669.9854,-3127853.0927,-388542.925,3427.0719,6511.3642,1918.1252,-3.1619,177.1523,531384.8939,0.13444,0.2256,-0.34629,0.90062,294.593,41.1768,-0.38007,-0.48199,0.46714,0.63641,0.050461,2.6006,2.6174,
2016-04-27 18:29:41,05-Mar-2016 23:28:00,56DB6B80,1,548,2016030523,1,1019,13,1,0.016585,7,0,0.01094,,,,,,,,,,,,,,,,,,,,,204,3,pattern_catalogue_doublestarM6_3_MUC4_5_PUC0_1,3,0.1,1.3,12,5,0.65,2457453.4778,1,0,55.8608,6182568.1387,-3062551.1739,-369338.3806,3352.4641,6548.818,1922.7229,-3.001,177.7214,531321.0526,0.13444,0.2256,-0.34629,0.90062,294.593,41.1768,-0.38007,-0.48199,0.46714,0.63641,
2016-04-27 18:29:41,05-Mar-2016 23:28:10,56DB6B8A,1,556,2016030523,1,1029,9,1,0.017588,35,1,0.04772,3,5731,5692,5736,0.11122,0.22439,-0.34643,0.90403,9,1,0.11149,0.22474,-0.34658,0.90385,295.9297,41.2043,-0.38671,-0.49919,0.45794,0.62575,204,3,pattern_catalogue_doublestarM6_3_MUC4_5_PUC0_1,3,0.1,1.3,12,5,0.65,2457453.4779,1,0,55.6441,6215718.296,-2996878.4032,-350088.9472,3277.4483,6585.4805,1927.0875,-2.8398,178.2903,531258.3189,0.13444,0.2256,-0.34629,0.90062,294.593,41.1767,-0.38007,-0.48199,0.46714,0.63641,0.058066,2.6934,2.6576,
2016-04-27 18:29:41,05-Mar-2016 23:28:20,56DB6B94,1,572,2016030523,1,1039,11,1,0.017056,7,0,0.011051,,,,,,,,,,,,,,,,,,,,,204,3,pattern_catalogue_doublestarM6_3_MUC4_5_PUC0_1,3,0.1,1.3,12,5,0.65,2457453.478,1,0,55.4234,6248116.159,-2930843.2462,-330797.1143,3202.0343,6621.3469,1931.2183,-2.6783,178.859,531196.7026,0.13444,0.2256,-0.34629,0.90062,294.593,41.1767,-0.38007,-0.48199,0.46714,0.63641,
2016-04-27 18:29:42,05-Mar-2016 23:28:30,56DB6B9E,1,532,2016030523,1,1049,7,1,0.017327,27,1,0.027494,3,5731,5736,5765,0.11097,0.22493,-0.34625,0.90399,7,1,0.11102,0.22504,-0.34635,0.90392,296.0107,41.2081,-0.38717,-0.49935,0.45766,0.62554,204,3,pattern_catalogue_doublestarM6_3_MUC4_5_PUC0_1,3,0.1,1.3,12,5,0.65,2457453.4781,1,0,55.1988,6279757.9226,-2864453.4209,-311465.1443,3126.2308,6656.413,1935.1149,-2.5164,179.4276,531136.2128,0.13444,0.2256,-0.34629,0.90062,294.593,41.1767,-0.38007,-0.482,0.46713,0.63641,0.020332,2.7184,2.7107,
2016-04-27 18:29:42,05-Mar-2016 23:28:40,56DB6BA8,1,560,2016030523,1,1059,10,1,0.01728,5,1,0.00749,3,5731,5712,5692,0.11136,0.22493,-0.34593,0.90407,10,1,0.11073,0.22494,-0.34618,0.90405,296.0325,41.2328,-0.38733,-0.49955,0.45768,0.62526,204,3,pattern_catalogue_doublestarM6_3_MUC4_5_PUC0_1,3,0.1,1.3,12,5,0.65,2457453.4782,1,0,54.9704,6310639.8609,-2797716.6833,-292095.3042,3050.0468,6690.6746,1938.7768,-2.3543,179.996,531076.8584,0.13444,0.2256,-0.34629,0.90062,294.593,41.1766,-0.38007,-0.482,0.46713,0.63641,0.077466,2.6759,2.7465,
2016-04-27 18:29:42,05-Mar-2016 23:28:50,56DB6BB2,1,600,2016030523,1,1069,8,1,0.017264,26,1,0.025705,3,5731,5736,5765,0.11049,0.22526,-0.34588,0.90411,8,1,0.11034,0.2253,-0.34602,0.90406,296.1101,41.225,-0.38775,-0.49964,0.45737,0.62516,204,3,pattern_catalogue_doublestarM6_3_MUC4_5_PUC0_1,3,0.1,1.3,12,5,0.65,2457453.4784,1,0,54.7381,6340757.969,-2730641.6381,-272690.0995,2973.492,6724.1272,1942.2035,-2.1919,-179.4357,531018.6486,0.13444,0.2256,-0.34629,0.90062,294.593,41.1766,-0.38007,-0.482,0.46713,0.63641,0.023858,2.7742,2.7893,
2016-04-27 18:29:42,05-Mar-2016 23:29:00,56DB6BBC,1,584,2016030523,1,1079,10,1,0.017527,15,1,0.023989,3,5712,5692,5736,0.11131,0.22548,-0.34518,0.90423,10,1,0.11022,0.22543,-0.34563,0.9042,296.1635,41.2568,-0.38813,-0.49957,0.45742,0.62494,204,3,pattern_catalogue_doublestarM6_3_MUC4_5_PUC0_1,3,0.1,1.3,12,5,0.65,2457453.4785,1,0,54.5021,6370108.7088,-2663236.1265,-253251.8064,2896.5755,6756.7668,1945.3945,-2.0293,-178.8675,530961.5917,0.13444,0.2256,-0.34629,0.90062,294.5931,41.1766,-0.38007,-0.482,0.46713,0.63641,0.13571,2.6857,2.8067,
2016-04-27 18:29:43,05-Mar-2016 23:29:10,56DB6BC6,1,556,2016030523,1,1089,12,1,0.016803,12,0,0.022606,,,,,,,,,,,,,,,,,,,,,204,3,pattern_catalogue_doublestarM6_3_MUC4_5_PUC0_1,3,0.1,1.3,12,5,0.65,2457453.4786,1,0,54.2624,6398688.623,-2595508.0251,-233782.7046,2819.3063,6788.5896,1948.3496,-1.8664,-178.2994,530905.6958,0.13444,0.2256,-0.34629,0.90062,294.5931,41.1766,-0.38007,-0.482,0.46713,0.63641,
2016-04-27 18:29:43,05-Mar-2016 23:29:20,56DB6BD0,1,564,2016030523,1,1099,9,1,0.01725,15,1,0.017989,3,5765,5733,5806,0.10741,0.22492,-0.34669,0.90426,9,1,0.10986,0.22575,-0.34562,0.90417,296.2242,41.2364,-0.38843,-0.49971,0.45706,0.62491,204,3,pattern_catalogue_doublestarM6_3_MUC4_5_PUC0_1,3,0.1,1.3,12,5,0.65,2457453.4787,1,0,54.019,6426494.0043,-2527466.0681,-214285.3128,2741.6943,6819.5914,1951.0682,-1.7033,-177.7314,530850.9694,0.13443,0.2256,-0.34629,0.90062,294.5931,41.1765,-0.38007,-0.482,0.46713,0.63641,0.32059,3.1262,2.8469,
2016-04-27 18:29:43,05-Mar-2016 23:29:30,56DB6BDA,1,592,2016030523,1,1109,10,1,0.017598,37,1,0.048776,3,5731,5692,5736,0.10973,0.22564,-0.34519,0.90437,10,1,0.1097,0.2259,-0.34541,0.90423,296.2681,41.2488,-0.38871,-0.4997,0.45701,0.62478,204,3,pattern_catalogue_doublestarM6_3_MUC4_5_PUC0_1,3,0.1,1.3,12,5,0.65,2457453.4788,1,0,53.772,6453521.5858,-2459118.2115,-194761.9185,2663.7488,6849.7685,1953.5501,-1.54,-177.1636,530797.4201,0.13443,0.2256,-0.34629,0.90062,294.5931,41.1765,-0.38007,-0.482,0.46713,0.63641,0.041939,2.8663,2.8667,
2016-04-27 18:29:43,05-Mar-2016 23:29:40,56DB6BE4,1,600,2016030523,1,1119,11,1,0.017011,15,1,0.023941,3,5712,5692,5736,0.10949,0.22564,-0.34494,0.9045,10,0.90909,0.10934,0.2259,-0.34519,0.90435,296.3081,41.2708,-0.38897,-0.4999,0.45696,0.6245,204,3,pattern_catalogue_doublestarM6_3_MUC4_5_PUC0_1,3,0.1,1.3,12,5,0.65,2457453.4789,1,0,53.5215,6479768.1826,-2390472.4439,-175214.8118,2585.4787,6879.1174,1955.795,-1.3765,-176.5958,530745.0554,0.13443,0.2256,-0.34629,0.90062,294.5931,41.1765,-0.38007,-0.482,0.46713,0.63641,0.04817,2.8969,2.9101,
2016-04-27 18:29:44,05-Mar-2016 23:29:50,56DB6BEE,1,572,2016030523,1,1129,10,1,0.016753,5,1,0.0069295,3,5731,5712,5692,0.10942,0.22586,-0.34492,0.90446,10,1,0.10921,0.22607,-0.34509,0.90436,296.3436,41.2696,-0.38917,-0.4999,0.45684,0.62445,204,3,pattern_catalogue_doublestarM6_3_MUC4_5_PUC0_1,3,0.1,1.3,12,5,0.65,2457453.4791,1,0,53.2676,6505230.3893,-2321537.6194,-155646.5219,2506.8943,6907.6342,1957.8025,-1.2129,-176.028,530693.8829,0.13443,0.2256,-0.34629,0.90062,294.5932,41.1765,-0.38007,-0.482,0.46713,0.63641,0.041595,2.9037,2.9262,
2016-04-27 18:29:44,05-Mar-2016 23:30:00,56DB6BF8,1,564,2016030523,1,1139,10,1,0.016745,3,1,0.0055238,3,5731,5712,5692,0.11036,0.22646,-0.34447,0.90436,10,1,0.1091,0.22626,-0.34484,0.90443,296.3911,41.2832,-0.38948,-0.49984,0.4568,0.62434,204,3,pattern_catalogue_doublestarM6_3_MUC4_5_PUC0_1,3,0.1,1.3,12,5,0.65,2457453.4792,1,0,53.0101,6529905.2138,-2252321.7999,-136059.3448,2428.0048,6935.3155,1959.5725,-1.0491,-175.4604,530643.9094,0.13443,0.2256,-0.34629,0.90062,294.5932,41.1765,-0.38007,-0.482,0.46713,0.63641,0.15298,2.8008,2.9414,
2016-04-27 18:29:44,05-Mar-2016 23:30:10,56DB6C02,1,552,2016030523,1,1149,11,1,0.016897,7,0,0.011019,,,,,,,,,,,,,,,,,,,,,204,3,pattern_catalogue_doublestarM6_3_MUC4_5_PUC0_1,3,0.1,1.3,12,5,0.65,2457453.4793,1,0,52.7493,6553789.7472,-2182833.0773,-116455.5785,2348.8193,6962.158,1961.1046,-0.88524,-174.8928,530595.1418,0.13443,0.2256,-0.34629,0.90062,294.5932,41.1765,-0.38007,-0.482,0.46713,0.6364,
2016-04-27 18:29:44,05-Mar-2016 23:30:20,56DB6C0C,1,588,2016030523,1,1159,11,1,0.016695,3,1,0.0058603,3,5731,5712,5692,0.10915,0.22641,-0.34442,0.90454,11,1,0.10907,0.22665,-0.34453,0.90445,296.4628,41.2887,-0.38992,-0.49961,0.45669,0.62433,204,3,pattern_catalogue_doublestarM6_3_MUC4_5_PUC0_1,3,0.1,1.3,12,5,0.65,2457453.4794,1,0,52.4852,6576880.8896,-2113080.416,-96837.7599,2269.3483,6988.1583,1962.3988,-0.72125,-174.3252,530547.5868,0.13443,0.2256,-0.34629,0.90062,294.5933,41.1765,-0.38007,-0.482,0.46713,0.6364,0.033852,2.9404,2.9484,
2016-04-27 18:29:45,05-Mar-2016 23:30:30,56DB6C16,1,540,2016030523,1,1169,8,1,0.017072,5,1,0.0070813,3,5731,5712,5692,0.11031,0.22703,-0.34414,0.90436,8,1,0.10913,0.22688,-0.34445,0.90442,296.4914,41.2823,-0.39008,-0.49946,0.45661,0.62441,204,3,pattern_catalogue_doublestarM6_3_MUC4_5_PUC0_1,3,0.1,1.3,12,5,0.65,2457453.4795,1,0,52.2178,6599175.9275,-2043071.9749,-77208.191,2189.6009,7013.3131,1963.4547,-0.55717,-173.7577,530501.2506,0.13443,0.2256,-0.34629,0.90062,294.5933,41.1765,-0.38007,-0.482,0.46713,0.6364,0.14112,2.8124,2.9429,
2016-04-27 18:29:45,05-Mar-2016 23:30:40,56DB6C20,1,604,2016030523,1,1179,11,1,0.016599,7,0,0.011068,,,,,,,,,,,,,,,,,,,,,204,3,pattern_catalogue_doublestarM6_3_MUC4_5_PUC0_1,3,0.1,1.3,12,5,0.65,2457453.4796,1,0,51.9471,6620672.231,-1972815.9401,-57569.1752,2109.5866,7037.6197,1964.2724,-0.39303,-173.1902,530456.1391,0.13443,0.22559,-0.34629,0.90062,294.5934,41.1765,-0.38007,-0.482,0.46713,0.6364,
2016-04-27 18:29:45,05-Mar-2016 23:30:50,56DB6C2A,1,572,2016030523,1,1189,11,1,0.017222,3,1,0.005832,3,5731,5712,5692,0.10918,0.22701,-0.34405,0.90453,11,1,0.10864,0.2271,-0.34425,0.9045,296.5635,41.2879,-0.39049,-0.49967,0.45635,0.62417,204,3,pattern_catalogue_doublestarM6_3_MUC4_5_PUC0_1,3,0.1,1.3,12,5,0.65,2457453.4797,1,0,51.6733,6641367.0093,-1902321.3767,-37923.2543,2029.3157,7061.0746,1964.8516,-0.22884,-172.6227,530412.2585,0.13443,0.22559,-0.34629,0.90062,294.5934,41.1766,-0.38007,-0.482,0.46713,0.6364,0.066715,2.9433,3.0022,
2016-04-27 18:29:46,05-Mar-2016 23:31:00,56DB6C34,1,596,2016030523,1,1199,10,1,0.017762,36,1,0.049015,3,5731,5692,5736,0.10883,0.2271,-0.34384,0.90463,10,1,0.10858,0.22733,-0.34408,0.90451,296.6071,41.2893,-0.39075,-0.49958,0.45626,0.62415,204,3,pattern_catalogue_doublestarM6_3_MUC4_5_PUC0_1,3,0.1,1.3,12,5,0.65,2457453.4799,1,0,51.3964,6661257.8304,-1831596.5315,-18272.7339,1948.7977,7083.6753,1965.1924,-0.064621,-172.0552,530369.6141,0.13443,0.22559,-0.34629,0.90062,294.5935,41.1766,-0.38007,-0.482,0.46713,0.6364,0.049521,2.9867,3.0129,
2016-04-27 18:29:46,05-Mar-2016 23:31:10,56DB6C3E,1,592,2016030523,1,1209,10,1,0.017075,4,1,0.0069684,3,5731,5712,5692,0.10887,0.22727,-0.34366,0.90465,10,1,0.10841,0.22735,-0.34386,0.90461,296.6379,41.3107,-0.39096,-0.49963,0.45628,0.62396,204,3,pattern_catalogue_doublestarM6_3_MUC4_5_PUC0_1,3,0.1,1.3,12,5,0.65,2457453.48,1,0,51.1164,6680342.3465,-1760649.676,1380.0799,1868.0419,7105.4189,1965.2945,0.099606,-171.4878,530328.211,0.13443,0.22559,-0.34629,0.90062,294.5935,41.1766,-0.38007,-0.48201,0.46713,0.6364,0.05917,2.9857,3.0361,
2016-04-27 18:29:46,05-Mar-2016 23:31:20,56DB6C48,1,588,2016030523,1,1219,12,1,0.01707,7,0,0.012276,,,,,,,,,,,,,,,,,,,,,204,3,pattern_catalogue_doublestarM6_3_MUC4_5_PUC0_1,3,0.1,1.3,12,5,0.65,2457453.4801,1,0,50.8334,6698618.0792,-1689489.9656,21032.6433,1787.0589,7126.3026,1965.1581,0.26382,-170.9203,530288.0547,0.13443,0.22559,-0.34629,0.90062,294.5936,41.1766,-0.38007,-0.48201,0.46713,0.6364,
2016-04-27 18:29:46,05-Mar-2016 23:31:30,56DB6C52,1,616,2016030523,1,1229,13,1,0.016828,3,1,0.0054212,3,5731,5712,5692,0.10975,0.22801,-0.34319,0.90454,12,0.92308,0.10819,0.2278,-0.34361,0.90462,296.7222,41.306,-0.39144,-0.49954,0.45602,0.62392,204,3,pattern_catalogue_doublestarM6_3_MUC4_5_PUC0_1,3,0.1,1.3,12,5,0.65,2457453.4802,1,0,50.5475,6716082.8804,-1618125.7263,40682.6497,1705.8581,7146.324,1964.7832,0.42801,-170.3527,530249.1496,0.13443,0.22559,-0.34629,0.90062,294.5936,41.1767,-0.38007,-0.48201,0.46713,0.6364,0.18693,2.8983,3.0669,
2016-04-27 18:29:47,05-Mar-2016 23:31:40,56DB6C5C,1,564,2016030523,1,1239,10,1,0.0174,36,1,0.049973,3,5731,5692,5736,0.10858,0.22766,-0.34322,0.90475,10,1,0.10818,0.22789,-0.34348,0.90465,296.7446,41.3131,-0.39159,-0.49948,0.45602,0.62388,204,3,pattern_catalogue_doublestarM6_3_MUC4_5_PUC0_1,3,0.1,1.3,12,5,0.65,2457453.4803,1,0,50.2586,6732734.6873,-1546565.3057,60327.7926,1624.4492,7165.4806,1964.1697,0.59215,-169.7852,530211.5002,0.13442,0.22559,-0.34629,0.90062,294.5937,41.1767,-0.38007,-0.48201,0.46713,0.6364,0.062282,3.029,3.0713,
2016-04-27 18:29:47,05-Mar-2016 23:31:50,56DB6C66,1,588,2016030523,1,1249,12,1,0.016827,3,1,0.0054791,3,5731,5712,5692,0.10924,0.22814,-0.34307,0.90461,11,0.91667,0.10812,0.22802,-0.34339,0.90466,296.7706,41.314,-0.39175,-0.49944,0.45596,0.62385,204,3,pattern_catalogue_doublestarM6_3_MUC4_5_PUC0_1,3,0.1,1.3,12,5,0.65,2457453.4804,1,0,49.9669,6748571.3366,-1474817.9396,79965.5291,1542.8426,7183.77,1963.3178,0.75623,-169.2176,530175.111,0.13442,0.22559,-0.34629,0.90062,294.5938,41.1767,-0.38007,-0.48201,0.46713,0.6364,0.13491,2.959,3.0806,
2016-04-27 18:29:47,05-Mar-2016 23:32:00,56DB6C70,1,608,2016030523,1,1259,10,1,0.016945,16,1,0.020082,3,5765,5733,5806,0.10579,0.22741,-0.34429,0.90474,9,0.9,0.1083,0.22832,-0.34319,0.90463,296.8083,41.3133,-0.39198,-0.49914,0.45593,0.62396,204,3,pattern_catalogue_doublestarM6_3_MUC4_5_PUC0_1,3,0.1,1.3,12,5,0.65,2457453.4806,1,0,49.6723,6763591.0254,-1402891.7341,99593.633,1461.0476,7201.1901,1962.2275,0.92022,-168.65,530139.9858,0.13442,0.22559,-0.34629,0.90062,294.5938,41.1768,-0.38007,-0.48201,0.46713,0.6364,0.33143,3.3298,3.0654,
2016-04-27 18:29:47,05-Mar-2016 23:32:10,56DB6C7A,1,628,2016030523,1,1269,9,1,0.016937,8,1,0.011668,3,5731,5712,5736,0.10897,0.22857,-0.34273,0.90467,9,1,0.10816,0.22863,-0.34308,0.90461,296.8615,41.3028,-0.39227,-0.49909,0.45572,0.62398,204,3,pattern_catalogue_doublestarM6_3_MUC4_5_PUC0_1,3,0.1,1.3,12,5,0.65,2457453.4807,1,0,49.375,6777791.8019,-1330795.973,119209.5634,1379.0747,7217.7385,1960.8989,1.0841,-168.0823,530106.1284,0.13442,0.22559,-0.34629,0.90062,294.5939,41.1768,-0.38007,-0.48201,0.46713,0.6364,0.10168,3.0007,3.0856,
2016-04-27 18:29:48,05-Mar-2016 23:32:20,56DB6C84,1,616,2016030523,1,1279,8,1,0.017474,33,1,0.046001,3,5731,5692,5736,0.10865,0.2286,-0.34264,0.90473,8,1,0.10822,0.2288,-0.34294,0.90462,296.8888,41.3065,-0.39245,-0.49894,0.45571,0.62399,204,3,pattern_catalogue_doublestarM6_3_MUC4_5_PUC0_1,3,0.1,1.3,12,5,0.65,2457453.4808,1,0,49.075,6791171.9965,-1258539.0933,138811.0177,1296.9338,7233.4133,1959.3323,1.2479,-167.5145,530073.5423,0.13442,0.22559,-0.34629,0.90062,294.594,41.1769,-0.38007,-0.48201,0.46713,0.6364,0.065203,3.0395,3.0837,
2016-04-27 18:29:48,05-Mar-2016 23:32:30,56DB6C8E,1,644,2016030523,1,1289,11,1,0.017002,4,1,0.0070922,3,5731,5712,5692,0.10902,0.22895,-0.34253,0.90464,11,1,0.10821,0.22897,-0.34277,0.90464,296.9216,41.3126,-0.39266,-0.49884,0.45568,0.62397,204,3,pattern_catalogue_doublestarM6_3_MUC4_5_PUC0_1,3,0.1,1.3,12,5,0.65,2457453.4809,1,0,48.7724,6803730.0264,-1186129.5491,158395.6946,1214.6343,7248.2126,1957.5278,1.4115,-166.9466,530042.2305,0.13442,0.22559,-0.34629,0.90062,294.5941,41.1769,-0.38007,-0.48201,0.46713,0.6364,0.096701,3.0031,3.0898,
2016-04-27 18:29:48,05-Mar-2016 23:32:40,56DB6C98,1,700,2016030523,1,1299,12,1,0.016592,7,0,0.010936,,,,,,,,,,,,,,,,,,,,,204,3,pattern_catalogue_doublestarM6_3_MUC4_5_PUC0_1,3,0.1,1.3,12,5,0.65,2457453.481,1,0,48.4671,6815464.2586,-1113576.688,177961.0589,1132.1869,7262.1345,1955.4856,1.575,-166.3787,530012.1962,0.13442,0.22559,-0.34629,0.90062,294.5941,41.177,-0.38007,-0.48201,0.46713,0.6364,
2016-04-27 18:29:49,05-Mar-2016 23:32:50,56DB6CA2,1,660,2016030523,1,1309,9,1,0.016927,16,1,0.020905,3,5765,5733,5806,0.10557,0.22849,-0.34378,0.90469,9,1,0.10823,0.2295,-0.34262,0.90456,296.993,41.2908,-0.39304,-0.49857,0.45542,0.62413,204,3,pattern_catalogue_doublestarM6_3_MUC4_5_PUC0_1,3,0.1,1.3,12,5,0.65,2457453.4811,1,0,48.1593,6826373.3135,-1040889.0011,197504.8135,1049.6014,7275.1773,1953.2059,1.7383,-165.8106,529983.442,0.13442,0.22559,-0.34628,0.90062,294.5942,41.177,-0.38007,-0.48201,0.46713,0.6364,0.35257,3.3679,3.0965,
2016-04-27 18:29:49,05-Mar-2016 23:33:00,56DB6CAC,1,680,2016030523,1,1319,11,1,0.017584,31,0,0.043589,,,,,,,,,,,,,,,,,,,,,204,3,pattern_catalogue_doublestarM6_3_MUC4_5_PUC0_1,3,0.1,1.3,12,5,0.65,2457453.4813,1,0,47.8489,6836455.8986,-968074.9943,217024.664,966.8874,7287.3394,1950.6891,1.9014,-165.2425,529955.9701,0.13442,0.22559,-0.34628,0.90063,294.5943,41.1771,-0.38007,-0.48201,0.46713,0.6364,